attendance_id,student_id,course_id,attendance_date,status
1,1,9,2026-02-12,Present
2,1,9,2026-02-11,Present
3,1,9,2026-02-10,Present
4,1,9,2026-02-09,Present
5,1,9,2026-02-08,Present
6,1,9,2026-02-07,Present
7,1,9,2026-02-06,Present
8,1,9,2026-02-05,Present
9,1,9,2026-02-04,Present
10,1,9,2026-02-03,Present
11,1,9,2026-02-02,Present
12,1,9,2026-02-01,Present
13,1,9,2026-01-31,Present
14,1,9,2026-01-30,Present
15,1,9,2026-01-29,Present
16,1,9,2026-01-28,Present
17,1,9,2026-01-27,Excused
18,1,9,2026-01-26,Present
19,1,9,2026-01-25,Present
20,1,9,2026-01-24,Late
21,1,9,2026-01-23,Present
22,1,9,2026-01-22,Present
23,1,9,2026-01-21,Late
24,1,9,2026-01-20,Present
25,1,9,2026-01-19,Late
26,1,9,2026-01-18,Excused
27,1,9,2026-01-17,Present
28,1,9,2026-01-16,Present
29,1,9,2026-01-15,Present
30,1,9,2026-01-14,Present
31,1,2,2026-02-12,Present
32,1,2,2026-02-11,Present
33,1,2,2026-02-10,Present
34,1,2,2026-02-09,Present
35,1,2,2026-02-08,Present
36,1,2,2026-02-07,Present
37,1,2,2026-02-06,Late
38,1,2,2026-02-05,Present
39,1,2,2026-02-04,Present
40,1,2,2026-02-03,Present
41,1,2,2026-02-02,Present
42,1,2,2026-02-01,Late
43,1,2,2026-01-31,Absent
44,1,2,2026-01-30,Present
45,1,2,2026-01-29,Present
46,1,2,2026-01-28,Present
47,1,2,2026-01-27,Late
48,1,2,2026-01-26,Late
49,1,2,2026-01-25,Present
50,1,2,2026-01-24,Present
51,1,2,2026-01-23,Present
52,1,2,2026-01-22,Present
53,1,2,2026-01-21,Present
54,1,2,2026-01-20,Present
55,1,2,2026-01-19,Present
56,1,2,2026-01-18,Present
57,1,2,2026-01-17,Present
58,1,2,2026-01-16,Present
59,1,2,2026-01-15,Present
60,1,2,2026-01-14,Late
61,1,5,2026-02-12,Present
62,1,5,2026-02-11,Present
63,1,5,2026-02-10,Present
64,1,5,2026-02-09,Present
65,1,5,2026-02-08,Present
66,1,5,2026-02-07,Late
67,1,5,2026-02-06,Present
68,1,5,2026-02-05,Present
69,1,5,2026-02-04,Present
70,1,5,2026-02-03,Present
71,1,5,2026-02-02,Absent
72,1,5,2026-02-01,Present
73,1,5,2026-01-31,Absent
74,1,5,2026-01-30,Present
75,1,5,2026-01-29,Excused
76,1,5,2026-01-28,Present
77,1,5,2026-01-27,Present
78,1,5,2026-01-26,Present
79,1,5,2026-01-25,Present
80,1,5,2026-01-24,Present
81,1,5,2026-01-23,Present
82,1,5,2026-01-22,Present
83,1,5,2026-01-21,Present
84,1,5,2026-01-20,Present
85,1,5,2026-01-19,Present
86,1,5,2026-01-18,Excused
87,1,5,2026-01-17,Present
88,1,5,2026-01-16,Late
89,1,5,2026-01-15,Present
90,1,5,2026-01-14,Present
91,1,1,2026-02-12,Present
92,1,1,2026-02-11,Present
93,1,1,2026-02-10,Present
94,1,1,2026-02-09,Absent
95,1,1,2026-02-08,Present
96,1,1,2026-02-07,Present
97,1,1,2026-02-06,Present
98,1,1,2026-02-05,Present
99,1,1,2026-02-04,Present
100,1,1,2026-02-03,Present
101,1,1,2026-02-02,Present
102,1,1,2026-02-01,Present
103,1,1,2026-01-31,Absent
104,1,1,2026-01-30,Present
105,1,1,2026-01-29,Present
106,1,1,2026-01-28,Present
107,1,1,2026-01-27,Present
108,1,1,2026-01-26,Present
109,1,1,2026-01-25,Present
110,1,1,2026-01-24,Present
111,1,1,2026-01-23,Present
112,1,1,2026-01-22,Present
113,1,1,2026-01-21,Present
114,1,1,2026-01-20,Present
115,1,1,2026-01-19,Present
116,1,1,2026-01-18,Present
117,1,1,2026-01-17,Present
118,1,1,2026-01-16,Present
119,1,1,2026-01-15,Present
120,1,1,2026-01-14,Present
121,1,4,2026-02-12,Present
122,1,4,2026-02-11,Present
123,1,4,2026-02-10,Present
124,1,4,2026-02-09,Present
125,1,4,2026-02-08,Present
126,1,4,2026-02-07,Present
127,1,4,2026-02-06,Present
128,1,4,2026-02-05,Present
129,1,4,2026-02-04,Present
130,1,4,2026-02-03,Present
131,1,4,2026-02-02,Present
132,1,4,2026-02-01,Present
133,1,4,2026-01-31,Present
134,1,4,2026-01-30,Present
135,1,4,2026-01-29,Excused
136,1,4,2026-01-28,Late
137,1,4,2026-01-27,Present
138,1,4,2026-01-26,Present
139,1,4,2026-01-25,Present
140,1,4,2026-01-24,Present
141,1,4,2026-01-23,Present
142,1,4,2026-01-22,Present
143,1,4,2026-01-21,Present
144,1,4,2026-01-20,Present
145,1,4,2026-01-19,Absent
146,1,4,2026-01-18,Present
147,1,4,2026-01-17,Present
148,1,4,2026-01-16,Present
149,1,4,2026-01-15,Present
150,1,4,2026-01-14,Excused
151,2,10,2026-02-12,Excused
152,2,10,2026-02-11,Present
153,2,10,2026-02-10,Present
154,2,10,2026-02-09,Present
155,2,10,2026-02-08,Present
156,2,10,2026-02-07,Present
157,2,10,2026-02-06,Present
158,2,10,2026-02-05,Present
159,2,10,2026-02-04,Present
160,2,10,2026-02-03,Present
161,2,10,2026-02-02,Present
162,2,10,2026-02-01,Present
163,2,10,2026-01-31,Absent
164,2,10,2026-01-30,Present
165,2,10,2026-01-29,Present
166,2,10,2026-01-28,Present
167,2,10,2026-01-27,Absent
168,2,10,2026-01-26,Present
169,2,10,2026-01-25,Present
170,2,10,2026-01-24,Present
171,2,10,2026-01-23,Present
172,2,10,2026-01-22,Present
173,2,10,2026-01-21,Present
174,2,10,2026-01-20,Excused
175,2,10,2026-01-19,Present
176,2,10,2026-01-18,Excused
177,2,10,2026-01-17,Present
178,2,10,2026-01-16,Late
179,2,10,2026-01-15,Present
180,2,10,2026-01-14,Present
181,2,4,2026-02-12,Absent
182,2,4,2026-02-11,Present
183,2,4,2026-02-10,Present
184,2,4,2026-02-09,Present
185,2,4,2026-02-08,Present
186,2,4,2026-02-07,Absent
187,2,4,2026-02-06,Excused
188,2,4,2026-02-05,Present
189,2,4,2026-02-04,Excused
190,2,4,2026-02-03,Late
191,2,4,2026-02-02,Present
192,2,4,2026-02-01,Present
193,2,4,2026-01-31,Present
194,2,4,2026-01-30,Present
195,2,4,2026-01-29,Present
196,2,4,2026-01-28,Present
197,2,4,2026-01-27,Present
198,2,4,2026-01-26,Present
199,2,4,2026-01-25,Present
200,2,4,2026-01-24,Present
201,2,4,2026-01-23,Late
202,2,4,2026-01-22,Late
203,2,4,2026-01-21,Present
204,2,4,2026-01-20,Present
205,2,4,2026-01-19,Excused
206,2,4,2026-01-18,Present
207,2,4,2026-01-17,Present
208,2,4,2026-01-16,Present
209,2,4,2026-01-15,Present
210,2,4,2026-01-14,Present
211,2,1,2026-02-12,Present
212,2,1,2026-02-11,Absent
213,2,1,2026-02-10,Present
214,2,1,2026-02-09,Present
215,2,1,2026-02-08,Present
216,2,1,2026-02-07,Present
217,2,1,2026-02-06,Present
218,2,1,2026-02-05,Excused
219,2,1,2026-02-04,Present
220,2,1,2026-02-03,Absent
221,2,1,2026-02-02,Absent
222,2,1,2026-02-01,Present
223,2,1,2026-01-31,Present
224,2,1,2026-01-30,Present
225,2,1,2026-01-29,Present
226,2,1,2026-01-28,Present
227,2,1,2026-01-27,Present
228,2,1,2026-01-26,Present
229,2,1,2026-01-25,Present
230,2,1,2026-01-24,Present
231,2,1,2026-01-23,Present
232,2,1,2026-01-22,Present
233,2,1,2026-01-21,Present
234,2,1,2026-01-20,Present
235,2,1,2026-01-19,Present
236,2,1,2026-01-18,Present
237,2,1,2026-01-17,Present
238,2,1,2026-01-16,Present
239,2,1,2026-01-15,Present
240,2,1,2026-01-14,Present
241,3,6,2026-02-12,Late
242,3,6,2026-02-11,Present
243,3,6,2026-02-10,Present
244,3,6,2026-02-09,Present
245,3,6,2026-02-08,Present
246,3,6,2026-02-07,Late
247,3,6,2026-02-06,Present
248,3,6,2026-02-05,Present
249,3,6,2026-02-04,Excused
250,3,6,2026-02-03,Present
251,3,6,2026-02-02,Present
252,3,6,2026-02-01,Present
253,3,6,2026-01-31,Present
254,3,6,2026-01-30,Present
255,3,6,2026-01-29,Present
256,3,6,2026-01-28,Absent
257,3,6,2026-01-27,Present
258,3,6,2026-01-26,Present
259,3,6,2026-01-25,Present
260,3,6,2026-01-24,Present
261,3,6,2026-01-23,Present
262,3,6,2026-01-22,Excused
263,3,6,2026-01-21,Absent
264,3,6,2026-01-20,Present
265,3,6,2026-01-19,Late
266,3,6,2026-01-18,Present
267,3,6,2026-01-17,Present
268,3,6,2026-01-16,Present
269,3,6,2026-01-15,Present
270,3,6,2026-01-14,Present
271,3,10,2026-02-12,Present
272,3,10,2026-02-11,Present
273,3,10,2026-02-10,Late
274,3,10,2026-02-09,Present
275,3,10,2026-02-08,Present
276,3,10,2026-02-07,Absent
277,3,10,2026-02-06,Late
278,3,10,2026-02-05,Present
279,3,10,2026-02-04,Present
280,3,10,2026-02-03,Present
281,3,10,2026-02-02,Present
282,3,10,2026-02-01,Present
283,3,10,2026-01-31,Present
284,3,10,2026-01-30,Present
285,3,10,2026-01-29,Present
286,3,10,2026-01-28,Late
287,3,10,2026-01-27,Present
288,3,10,2026-01-26,Present
289,3,10,2026-01-25,Present
290,3,10,2026-01-24,Present
291,3,10,2026-01-23,Present
292,3,10,2026-01-22,Present
293,3,10,2026-01-21,Present
294,3,10,2026-01-20,Present
295,3,10,2026-01-19,Present
296,3,10,2026-01-18,Present
297,3,10,2026-01-17,Present
298,3,10,2026-01-16,Present
299,3,10,2026-01-15,Absent
300,3,10,2026-01-14,Present
301,3,7,2026-02-12,Present
302,3,7,2026-02-11,Present
303,3,7,2026-02-10,Present
304,3,7,2026-02-09,Present
305,3,7,2026-02-08,Present
306,3,7,2026-02-07,Present
307,3,7,2026-02-06,Present
308,3,7,2026-02-05,Present
309,3,7,2026-02-04,Absent
310,3,7,2026-02-03,Present
311,3,7,2026-02-02,Present
312,3,7,2026-02-01,Present
313,3,7,2026-01-31,Present
314,3,7,2026-01-30,Present
315,3,7,2026-01-29,Present
316,3,7,2026-01-28,Absent
317,3,7,2026-01-27,Present
318,3,7,2026-01-26,Excused
319,3,7,2026-01-25,Present
320,3,7,2026-01-24,Present
321,3,7,2026-01-23,Present
322,3,7,2026-01-22,Excused
323,3,7,2026-01-21,Present
324,3,7,2026-01-20,Present
325,3,7,2026-01-19,Present
326,3,7,2026-01-18,Present
327,3,7,2026-01-17,Present
328,3,7,2026-01-16,Present
329,3,7,2026-01-15,Present
330,3,7,2026-01-14,Present
331,3,4,2026-02-12,Present
332,3,4,2026-02-11,Present
333,3,4,2026-02-10,Present
334,3,4,2026-02-09,Present
335,3,4,2026-02-08,Present
336,3,4,2026-02-07,Present
337,3,4,2026-02-06,Present
338,3,4,2026-02-05,Present
339,3,4,2026-02-04,Present
340,3,4,2026-02-03,Present
341,3,4,2026-02-02,Present
342,3,4,2026-02-01,Present
343,3,4,2026-01-31,Present
344,3,4,2026-01-30,Present
345,3,4,2026-01-29,Late
346,3,4,2026-01-28,Present
347,3,4,2026-01-27,Late
348,3,4,2026-01-26,Present
349,3,4,2026-01-25,Present
350,3,4,2026-01-24,Late
351,3,4,2026-01-23,Present
352,3,4,2026-01-22,Present
353,3,4,2026-01-21,Present
354,3,4,2026-01-20,Present
355,3,4,2026-01-19,Present
356,3,4,2026-01-18,Present
357,3,4,2026-01-17,Present
358,3,4,2026-01-16,Present
359,3,4,2026-01-15,Present
360,3,4,2026-01-14,Absent
361,3,5,2026-02-12,Excused
362,3,5,2026-02-11,Excused
363,3,5,2026-02-10,Present
364,3,5,2026-02-09,Late
365,3,5,2026-02-08,Present
366,3,5,2026-02-07,Present
367,3,5,2026-02-06,Present
368,3,5,2026-02-05,Present
369,3,5,2026-02-04,Present
370,3,5,2026-02-03,Present
371,3,5,2026-02-02,Present
372,3,5,2026-02-01,Present
373,3,5,2026-01-31,Present
374,3,5,2026-01-30,Present
375,3,5,2026-01-29,Present
376,3,5,2026-01-28,Late
377,3,5,2026-01-27,Present
378,3,5,2026-01-26,Present
379,3,5,2026-01-25,Present
380,3,5,2026-01-24,Present
381,3,5,2026-01-23,Absent
382,3,5,2026-01-22,Present
383,3,5,2026-01-21,Present
384,3,5,2026-01-20,Present
385,3,5,2026-01-19,Present
386,3,5,2026-01-18,Present
387,3,5,2026-01-17,Present
388,3,5,2026-01-16,Present
389,3,5,2026-01-15,Present
390,3,5,2026-01-14,Present
391,4,5,2026-02-12,Present
392,4,5,2026-02-11,Late
393,4,5,2026-02-10,Present
394,4,5,2026-02-09,Present
395,4,5,2026-02-08,Present
396,4,5,2026-02-07,Present
397,4,5,2026-02-06,Present
398,4,5,2026-02-05,Present
399,4,5,2026-02-04,Present
400,4,5,2026-02-03,Absent
401,4,5,2026-02-02,Present
402,4,5,2026-02-01,Present
403,4,5,2026-01-31,Present
404,4,5,2026-01-30,Late
405,4,5,2026-01-29,Present
406,4,5,2026-01-28,Present
407,4,5,2026-01-27,Present
408,4,5,2026-01-26,Present
409,4,5,2026-01-25,Present
410,4,5,2026-01-24,Present
411,4,5,2026-01-23,Present
412,4,5,2026-01-22,Present
413,4,5,2026-01-21,Present
414,4,5,2026-01-20,Present
415,4,5,2026-01-19,Excused
416,4,5,2026-01-18,Absent
417,4,5,2026-01-17,Present
418,4,5,2026-01-16,Present
419,4,5,2026-01-15,Present
420,4,5,2026-01-14,Present
421,4,1,2026-02-12,Absent
422,4,1,2026-02-11,Present
423,4,1,2026-02-10,Present
424,4,1,2026-02-09,Late
425,4,1,2026-02-08,Present
426,4,1,2026-02-07,Present
427,4,1,2026-02-06,Late
428,4,1,2026-02-05,Present
429,4,1,2026-02-04,Present
430,4,1,2026-02-03,Present
431,4,1,2026-02-02,Late
432,4,1,2026-02-01,Present
433,4,1,2026-01-31,Present
434,4,1,2026-01-30,Present
435,4,1,2026-01-29,Present
436,4,1,2026-01-28,Present
437,4,1,2026-01-27,Present
438,4,1,2026-01-26,Present
439,4,1,2026-01-25,Late
440,4,1,2026-01-24,Present
441,4,1,2026-01-23,Present
442,4,1,2026-01-22,Present
443,4,1,2026-01-21,Present
444,4,1,2026-01-20,Present
445,4,1,2026-01-19,Present
446,4,1,2026-01-18,Present
447,4,1,2026-01-17,Present
448,4,1,2026-01-16,Present
449,4,1,2026-01-15,Present
450,4,1,2026-01-14,Present
451,4,7,2026-02-12,Present
452,4,7,2026-02-11,Excused
453,4,7,2026-02-10,Present
454,4,7,2026-02-09,Present
455,4,7,2026-02-08,Present
456,4,7,2026-02-07,Present
457,4,7,2026-02-06,Present
458,4,7,2026-02-05,Late
459,4,7,2026-02-04,Present
460,4,7,2026-02-03,Present
461,4,7,2026-02-02,Present
462,4,7,2026-02-01,Present
463,4,7,2026-01-31,Present
464,4,7,2026-01-30,Present
465,4,7,2026-01-29,Present
466,4,7,2026-01-28,Present
467,4,7,2026-01-27,Present
468,4,7,2026-01-26,Present
469,4,7,2026-01-25,Present
470,4,7,2026-01-24,Present
471,4,7,2026-01-23,Present
472,4,7,2026-01-22,Excused
473,4,7,2026-01-21,Present
474,4,7,2026-01-20,Present
475,4,7,2026-01-19,Present
476,4,7,2026-01-18,Present
477,4,7,2026-01-17,Present
478,4,7,2026-01-16,Present
479,4,7,2026-01-15,Present
480,4,7,2026-01-14,Present
481,4,6,2026-02-12,Present
482,4,6,2026-02-11,Present
483,4,6,2026-02-10,Present
484,4,6,2026-02-09,Present
485,4,6,2026-02-08,Present
486,4,6,2026-02-07,Present
487,4,6,2026-02-06,Present
488,4,6,2026-02-05,Present
489,4,6,2026-02-04,Present
490,4,6,2026-02-03,Present
491,4,6,2026-02-02,Present
492,4,6,2026-02-01,Present
493,4,6,2026-01-31,Present
494,4,6,2026-01-30,Present
495,4,6,2026-01-29,Present
496,4,6,2026-01-28,Absent
497,4,6,2026-01-27,Present
498,4,6,2026-01-26,Present
499,4,6,2026-01-25,Present
500,4,6,2026-01-24,Present
501,4,6,2026-01-23,Present
502,4,6,2026-01-22,Present
503,4,6,2026-01-21,Present
504,4,6,2026-01-20,Absent
505,4,6,2026-01-19,Present
506,4,6,2026-01-18,Present
507,4,6,2026-01-17,Present
508,4,6,2026-01-16,Present
509,4,6,2026-01-15,Present
510,4,6,2026-01-14,Excused
511,5,2,2026-02-12,Present
512,5,2,2026-02-11,Present
513,5,2,2026-02-10,Present
514,5,2,2026-02-09,Present
515,5,2,2026-02-08,Present
516,5,2,2026-02-07,Present
517,5,2,2026-02-06,Present
518,5,2,2026-02-05,Present
519,5,2,2026-02-04,Present
520,5,2,2026-02-03,Present
521,5,2,2026-02-02,Present
522,5,2,2026-02-01,Late
523,5,2,2026-01-31,Present
524,5,2,2026-01-30,Absent
525,5,2,2026-01-29,Present
526,5,2,2026-01-28,Present
527,5,2,2026-01-27,Present
528,5,2,2026-01-26,Present
529,5,2,2026-01-25,Absent
530,5,2,2026-01-24,Excused
531,5,2,2026-01-23,Present
532,5,2,2026-01-22,Present
533,5,2,2026-01-21,Present
534,5,2,2026-01-20,Present
535,5,2,2026-01-19,Present
536,5,2,2026-01-18,Late
537,5,2,2026-01-17,Late
538,5,2,2026-01-16,Present
539,5,2,2026-01-15,Present
540,5,2,2026-01-14,Present
541,5,5,2026-02-12,Present
542,5,5,2026-02-11,Present
543,5,5,2026-02-10,Present
544,5,5,2026-02-09,Present
545,5,5,2026-02-08,Absent
546,5,5,2026-02-07,Present
547,5,5,2026-02-06,Excused
548,5,5,2026-02-05,Present
549,5,5,2026-02-04,Present
550,5,5,2026-02-03,Present
551,5,5,2026-02-02,Present
552,5,5,2026-02-01,Present
553,5,5,2026-01-31,Present
554,5,5,2026-01-30,Present
555,5,5,2026-01-29,Present
556,5,5,2026-01-28,Present
557,5,5,2026-01-27,Present
558,5,5,2026-01-26,Present
559,5,5,2026-01-25,Excused
560,5,5,2026-01-24,Present
561,5,5,2026-01-23,Late
562,5,5,2026-01-22,Present
563,5,5,2026-01-21,Present
564,5,5,2026-01-20,Present
565,5,5,2026-01-19,Present
566,5,5,2026-01-18,Present
567,5,5,2026-01-17,Present
568,5,5,2026-01-16,Absent
569,5,5,2026-01-15,Present
570,5,5,2026-01-14,Excused
571,5,1,2026-02-12,Present
572,5,1,2026-02-11,Present
573,5,1,2026-02-10,Present
574,5,1,2026-02-09,Present
575,5,1,2026-02-08,Present
576,5,1,2026-02-07,Present
577,5,1,2026-02-06,Present
578,5,1,2026-02-05,Absent
579,5,1,2026-02-04,Present
580,5,1,2026-02-03,Present
581,5,1,2026-02-02,Present
582,5,1,2026-02-01,Present
583,5,1,2026-01-31,Present
584,5,1,2026-01-30,Present
585,5,1,2026-01-29,Present
586,5,1,2026-01-28,Excused
587,5,1,2026-01-27,Present
588,5,1,2026-01-26,Present
589,5,1,2026-01-25,Present
590,5,1,2026-01-24,Present
591,5,1,2026-01-23,Present
592,5,1,2026-01-22,Present
593,5,1,2026-01-21,Present
594,5,1,2026-01-20,Present
595,5,1,2026-01-19,Present
596,5,1,2026-01-18,Present
597,5,1,2026-01-17,Excused
598,5,1,2026-01-16,Present
599,5,1,2026-01-15,Present
600,5,1,2026-01-14,Present
601,6,8,2026-02-12,Present
602,6,8,2026-02-11,Present
603,6,8,2026-02-10,Present
604,6,8,2026-02-09,Present
605,6,8,2026-02-08,Present
606,6,8,2026-02-07,Present
607,6,8,2026-02-06,Present
608,6,8,2026-02-05,Excused
609,6,8,2026-02-04,Present
610,6,8,2026-02-03,Present
611,6,8,2026-02-02,Excused
612,6,8,2026-02-01,Present
613,6,8,2026-01-31,Present
614,6,8,2026-01-30,Present
615,6,8,2026-01-29,Present
616,6,8,2026-01-28,Present
617,6,8,2026-01-27,Excused
618,6,8,2026-01-26,Present
619,6,8,2026-01-25,Present
620,6,8,2026-01-24,Present
621,6,8,2026-01-23,Present
622,6,8,2026-01-22,Excused
623,6,8,2026-01-21,Present
624,6,8,2026-01-20,Late
625,6,8,2026-01-19,Excused
626,6,8,2026-01-18,Present
627,6,8,2026-01-17,Present
628,6,8,2026-01-16,Present
629,6,8,2026-01-15,Present
630,6,8,2026-01-14,Present
631,6,7,2026-02-12,Present
632,6,7,2026-02-11,Present
633,6,7,2026-02-10,Present
634,6,7,2026-02-09,Present
635,6,7,2026-02-08,Absent
636,6,7,2026-02-07,Present
637,6,7,2026-02-06,Late
638,6,7,2026-02-05,Present
639,6,7,2026-02-04,Excused
640,6,7,2026-02-03,Present
641,6,7,2026-02-02,Present
642,6,7,2026-02-01,Present
643,6,7,2026-01-31,Present
644,6,7,2026-01-30,Present
645,6,7,2026-01-29,Present
646,6,7,2026-01-28,Excused
647,6,7,2026-01-27,Present
648,6,7,2026-01-26,Present
649,6,7,2026-01-25,Present
650,6,7,2026-01-24,Present
651,6,7,2026-01-23,Present
652,6,7,2026-01-22,Present
653,6,7,2026-01-21,Present
654,6,7,2026-01-20,Absent
655,6,7,2026-01-19,Present
656,6,7,2026-01-18,Present
657,6,7,2026-01-17,Present
658,6,7,2026-01-16,Excused
659,6,7,2026-01-15,Present
660,6,7,2026-01-14,Present
661,6,10,2026-02-12,Present
662,6,10,2026-02-11,Present
663,6,10,2026-02-10,Present
664,6,10,2026-02-09,Present
665,6,10,2026-02-08,Present
666,6,10,2026-02-07,Present
667,6,10,2026-02-06,Present
668,6,10,2026-02-05,Present
669,6,10,2026-02-04,Present
670,6,10,2026-02-03,Present
671,6,10,2026-02-02,Present
672,6,10,2026-02-01,Present
673,6,10,2026-01-31,Present
674,6,10,2026-01-30,Present
675,6,10,2026-01-29,Present
676,6,10,2026-01-28,Excused
677,6,10,2026-01-27,Present
678,6,10,2026-01-26,Present
679,6,10,2026-01-25,Present
680,6,10,2026-01-24,Present
681,6,10,2026-01-23,Present
682,6,10,2026-01-22,Present
683,6,10,2026-01-21,Absent
684,6,10,2026-01-20,Present
685,6,10,2026-01-19,Present
686,6,10,2026-01-18,Present
687,6,10,2026-01-17,Present
688,6,10,2026-01-16,Excused
689,6,10,2026-01-15,Present
690,6,10,2026-01-14,Present
691,7,6,2026-02-12,Present
692,7,6,2026-02-11,Present
693,7,6,2026-02-10,Present
694,7,6,2026-02-09,Present
695,7,6,2026-02-08,Present
696,7,6,2026-02-07,Present
697,7,6,2026-02-06,Present
698,7,6,2026-02-05,Present
699,7,6,2026-02-04,Present
700,7,6,2026-02-03,Present
701,7,6,2026-02-02,Present
702,7,6,2026-02-01,Present
703,7,6,2026-01-31,Present
704,7,6,2026-01-30,Present
705,7,6,2026-01-29,Present
706,7,6,2026-01-28,Present
707,7,6,2026-01-27,Present
708,7,6,2026-01-26,Present
709,7,6,2026-01-25,Absent
710,7,6,2026-01-24,Present
711,7,6,2026-01-23,Present
712,7,6,2026-01-22,Present
713,7,6,2026-01-21,Present
714,7,6,2026-01-20,Present
715,7,6,2026-01-19,Present
716,7,6,2026-01-18,Present
717,7,6,2026-01-17,Present
718,7,6,2026-01-16,Present
719,7,6,2026-01-15,Present
720,7,6,2026-01-14,Present
721,7,2,2026-02-12,Excused
722,7,2,2026-02-11,Late
723,7,2,2026-02-10,Present
724,7,2,2026-02-09,Present
725,7,2,2026-02-08,Present
726,7,2,2026-02-07,Present
727,7,2,2026-02-06,Present
728,7,2,2026-02-05,Present
729,7,2,2026-02-04,Present
730,7,2,2026-02-03,Present
731,7,2,2026-02-02,Present
732,7,2,2026-02-01,Present
733,7,2,2026-01-31,Present
734,7,2,2026-01-30,Present
735,7,2,2026-01-29,Present
736,7,2,2026-01-28,Present
737,7,2,2026-01-27,Absent
738,7,2,2026-01-26,Present
739,7,2,2026-01-25,Present
740,7,2,2026-01-24,Present
741,7,2,2026-01-23,Absent
742,7,2,2026-01-22,Present
743,7,2,2026-01-21,Present
744,7,2,2026-01-20,Present
745,7,2,2026-01-19,Present
746,7,2,2026-01-18,Present
747,7,2,2026-01-17,Late
748,7,2,2026-01-16,Present
749,7,2,2026-01-15,Present
750,7,2,2026-01-14,Present
751,7,4,2026-02-12,Present
752,7,4,2026-02-11,Present
753,7,4,2026-02-10,Present
754,7,4,2026-02-09,Present
755,7,4,2026-02-08,Present
756,7,4,2026-02-07,Present
757,7,4,2026-02-06,Present
758,7,4,2026-02-05,Present
759,7,4,2026-02-04,Present
760,7,4,2026-02-03,Present
761,7,4,2026-02-02,Present
762,7,4,2026-02-01,Present
763,7,4,2026-01-31,Excused
764,7,4,2026-01-30,Present
765,7,4,2026-01-29,Present
766,7,4,2026-01-28,Present
767,7,4,2026-01-27,Present
768,7,4,2026-01-26,Present
769,7,4,2026-01-25,Present
770,7,4,2026-01-24,Present
771,7,4,2026-01-23,Present
772,7,4,2026-01-22,Present
773,7,4,2026-01-21,Present
774,7,4,2026-01-20,Present
775,7,4,2026-01-19,Absent
776,7,4,2026-01-18,Present
777,7,4,2026-01-17,Present
778,7,4,2026-01-16,Present
779,7,4,2026-01-15,Absent
780,7,4,2026-01-14,Present
781,8,9,2026-02-12,Present
782,8,9,2026-02-11,Present
783,8,9,2026-02-10,Present
784,8,9,2026-02-09,Present
785,8,9,2026-02-08,Present
786,8,9,2026-02-07,Present
787,8,9,2026-02-06,Present
788,8,9,2026-02-05,Late
789,8,9,2026-02-04,Present
790,8,9,2026-02-03,Present
791,8,9,2026-02-02,Present
792,8,9,2026-02-01,Present
793,8,9,2026-01-31,Present
794,8,9,2026-01-30,Present
795,8,9,2026-01-29,Excused
796,8,9,2026-01-28,Present
797,8,9,2026-01-27,Present
798,8,9,2026-01-26,Present
799,8,9,2026-01-25,Excused
800,8,9,2026-01-24,Excused
801,8,9,2026-01-23,Present
802,8,9,2026-01-22,Present
803,8,9,2026-01-21,Present
804,8,9,2026-01-20,Present
805,8,9,2026-01-19,Present
806,8,9,2026-01-18,Present
807,8,9,2026-01-17,Present
808,8,9,2026-01-16,Present
809,8,9,2026-01-15,Present
810,8,9,2026-01-14,Present
811,8,5,2026-02-12,Present
812,8,5,2026-02-11,Present
813,8,5,2026-02-10,Present
814,8,5,2026-02-09,Present
815,8,5,2026-02-08,Present
816,8,5,2026-02-07,Present
817,8,5,2026-02-06,Present
818,8,5,2026-02-05,Present
819,8,5,2026-02-04,Present
820,8,5,2026-02-03,Present
821,8,5,2026-02-02,Present
822,8,5,2026-02-01,Present
823,8,5,2026-01-31,Present
824,8,5,2026-01-30,Late
825,8,5,2026-01-29,Present
826,8,5,2026-01-28,Excused
827,8,5,2026-01-27,Present
828,8,5,2026-01-26,Present
829,8,5,2026-01-25,Present
830,8,5,2026-01-24,Absent
831,8,5,2026-01-23,Present
832,8,5,2026-01-22,Present
833,8,5,2026-01-21,Present
834,8,5,2026-01-20,Present
835,8,5,2026-01-19,Present
836,8,5,2026-01-18,Late
837,8,5,2026-01-17,Present
838,8,5,2026-01-16,Present
839,8,5,2026-01-15,Excused
840,8,5,2026-01-14,Present
841,8,1,2026-02-12,Present
842,8,1,2026-02-11,Present
843,8,1,2026-02-10,Present
844,8,1,2026-02-09,Present
845,8,1,2026-02-08,Present
846,8,1,2026-02-07,Present
847,8,1,2026-02-06,Present
848,8,1,2026-02-05,Absent
849,8,1,2026-02-04,Present
850,8,1,2026-02-03,Present
851,8,1,2026-02-02,Present
852,8,1,2026-02-01,Present
853,8,1,2026-01-31,Present
854,8,1,2026-01-30,Present
855,8,1,2026-01-29,Present
856,8,1,2026-01-28,Excused
857,8,1,2026-01-27,Present
858,8,1,2026-01-26,Present
859,8,1,2026-01-25,Present
860,8,1,2026-01-24,Present
861,8,1,2026-01-23,Present
862,8,1,2026-01-22,Present
863,8,1,2026-01-21,Present
864,8,1,2026-01-20,Present
865,8,1,2026-01-19,Present
866,8,1,2026-01-18,Absent
867,8,1,2026-01-17,Late
868,8,1,2026-01-16,Present
869,8,1,2026-01-15,Present
870,8,1,2026-01-14,Present
871,8,4,2026-02-12,Present
872,8,4,2026-02-11,Present
873,8,4,2026-02-10,Present
874,8,4,2026-02-09,Present
875,8,4,2026-02-08,Absent
876,8,4,2026-02-07,Present
877,8,4,2026-02-06,Late
878,8,4,2026-02-05,Present
879,8,4,2026-02-04,Late
880,8,4,2026-02-03,Excused
881,8,4,2026-02-02,Present
882,8,4,2026-02-01,Absent
883,8,4,2026-01-31,Present
884,8,4,2026-01-30,Present
885,8,4,2026-01-29,Present
886,8,4,2026-01-28,Present
887,8,4,2026-01-27,Present
888,8,4,2026-01-26,Present
889,8,4,2026-01-25,Excused
890,8,4,2026-01-24,Present
891,8,4,2026-01-23,Present
892,8,4,2026-01-22,Present
893,8,4,2026-01-21,Present
894,8,4,2026-01-20,Present
895,8,4,2026-01-19,Present
896,8,4,2026-01-18,Absent
897,8,4,2026-01-17,Present
898,8,4,2026-01-16,Absent
899,8,4,2026-01-15,Present
900,8,4,2026-01-14,Present
901,9,1,2026-02-12,Present
902,9,1,2026-02-11,Present
903,9,1,2026-02-10,Present
904,9,1,2026-02-09,Present
905,9,1,2026-02-08,Late
906,9,1,2026-02-07,Present
907,9,1,2026-02-06,Present
908,9,1,2026-02-05,Present
909,9,1,2026-02-04,Present
910,9,1,2026-02-03,Present
911,9,1,2026-02-02,Absent
912,9,1,2026-02-01,Present
913,9,1,2026-01-31,Present
914,9,1,2026-01-30,Present
915,9,1,2026-01-29,Late
916,9,1,2026-01-28,Present
917,9,1,2026-01-27,Present
918,9,1,2026-01-26,Excused
919,9,1,2026-01-25,Present
920,9,1,2026-01-24,Present
921,9,1,2026-01-23,Present
922,9,1,2026-01-22,Present
923,9,1,2026-01-21,Present
924,9,1,2026-01-20,Present
925,9,1,2026-01-19,Present
926,9,1,2026-01-18,Late
927,9,1,2026-01-17,Present
928,9,1,2026-01-16,Present
929,9,1,2026-01-15,Present
930,9,1,2026-01-14,Present
931,9,6,2026-02-12,Absent
932,9,6,2026-02-11,Present
933,9,6,2026-02-10,Present
934,9,6,2026-02-09,Present
935,9,6,2026-02-08,Present
936,9,6,2026-02-07,Present
937,9,6,2026-02-06,Present
938,9,6,2026-02-05,Present
939,9,6,2026-02-04,Present
940,9,6,2026-02-03,Present
941,9,6,2026-02-02,Present
942,9,6,2026-02-01,Present
943,9,6,2026-01-31,Present
944,9,6,2026-01-30,Present
945,9,6,2026-01-29,Excused
946,9,6,2026-01-28,Present
947,9,6,2026-01-27,Present
948,9,6,2026-01-26,Present
949,9,6,2026-01-25,Present
950,9,6,2026-01-24,Late
951,9,6,2026-01-23,Present
952,9,6,2026-01-22,Present
953,9,6,2026-01-21,Present
954,9,6,2026-01-20,Present
955,9,6,2026-01-19,Present
956,9,6,2026-01-18,Present
957,9,6,2026-01-17,Present
958,9,6,2026-01-16,Present
959,9,6,2026-01-15,Present
960,9,6,2026-01-14,Present
961,9,7,2026-02-12,Present
962,9,7,2026-02-11,Present
963,9,7,2026-02-10,Present
964,9,7,2026-02-09,Present
965,9,7,2026-02-08,Present
966,9,7,2026-02-07,Present
967,9,7,2026-02-06,Present
968,9,7,2026-02-05,Present
969,9,7,2026-02-04,Present
970,9,7,2026-02-03,Present
971,9,7,2026-02-02,Absent
972,9,7,2026-02-01,Present
973,9,7,2026-01-31,Present
974,9,7,2026-01-30,Present
975,9,7,2026-01-29,Present
976,9,7,2026-01-28,Present
977,9,7,2026-01-27,Excused
978,9,7,2026-01-26,Present
979,9,7,2026-01-25,Present
980,9,7,2026-01-24,Present
981,9,7,2026-01-23,Present
982,9,7,2026-01-22,Present
983,9,7,2026-01-21,Present
984,9,7,2026-01-20,Present
985,9,7,2026-01-19,Present
986,9,7,2026-01-18,Late
987,9,7,2026-01-17,Present
988,9,7,2026-01-16,Present
989,9,7,2026-01-15,Present
990,9,7,2026-01-14,Late
991,9,2,2026-02-12,Late
992,9,2,2026-02-11,Present
993,9,2,2026-02-10,Absent
994,9,2,2026-02-09,Present
995,9,2,2026-02-08,Present
996,9,2,2026-02-07,Present
997,9,2,2026-02-06,Present
998,9,2,2026-02-05,Present
999,9,2,2026-02-04,Present
1000,9,2,2026-02-03,Late
1001,9,2,2026-02-02,Late
1002,9,2,2026-02-01,Present
1003,9,2,2026-01-31,Present
1004,9,2,2026-01-30,Present
1005,9,2,2026-01-29,Present
1006,9,2,2026-01-28,Present
1007,9,2,2026-01-27,Present
1008,9,2,2026-01-26,Present
1009,9,2,2026-01-25,Excused
1010,9,2,2026-01-24,Present
1011,9,2,2026-01-23,Present
1012,9,2,2026-01-22,Present
1013,9,2,2026-01-21,Present
1014,9,2,2026-01-20,Present
1015,9,2,2026-01-19,Excused
1016,9,2,2026-01-18,Present
1017,9,2,2026-01-17,Present
1018,9,2,2026-01-16,Present
1019,9,2,2026-01-15,Present
1020,9,2,2026-01-14,Present
1021,10,3,2026-02-12,Present
1022,10,3,2026-02-11,Present
1023,10,3,2026-02-10,Present
1024,10,3,2026-02-09,Present
1025,10,3,2026-02-08,Present
1026,10,3,2026-02-07,Absent
1027,10,3,2026-02-06,Excused
1028,10,3,2026-02-05,Present
1029,10,3,2026-02-04,Present
1030,10,3,2026-02-03,Present
1031,10,3,2026-02-02,Present
1032,10,3,2026-02-01,Absent
1033,10,3,2026-01-31,Late
1034,10,3,2026-01-30,Absent
1035,10,3,2026-01-29,Absent
1036,10,3,2026-01-28,Present
1037,10,3,2026-01-27,Excused
1038,10,3,2026-01-26,Present
1039,10,3,2026-01-25,Present
1040,10,3,2026-01-24,Present
1041,10,3,2026-01-23,Absent
1042,10,3,2026-01-22,Present
1043,10,3,2026-01-21,Present
1044,10,3,2026-01-20,Present
1045,10,3,2026-01-19,Present
1046,10,3,2026-01-18,Present
1047,10,3,2026-01-17,Present
1048,10,3,2026-01-16,Present
1049,10,3,2026-01-15,Excused
1050,10,3,2026-01-14,Present
1051,10,6,2026-02-12,Present
1052,10,6,2026-02-11,Present
1053,10,6,2026-02-10,Present
1054,10,6,2026-02-09,Present
1055,10,6,2026-02-08,Excused
1056,10,6,2026-02-07,Late
1057,10,6,2026-02-06,Present
1058,10,6,2026-02-05,Absent
1059,10,6,2026-02-04,Present
1060,10,6,2026-02-03,Present
1061,10,6,2026-02-02,Present
1062,10,6,2026-02-01,Present
1063,10,6,2026-01-31,Present
1064,10,6,2026-01-30,Present
1065,10,6,2026-01-29,Present
1066,10,6,2026-01-28,Excused
1067,10,6,2026-01-27,Present
1068,10,6,2026-01-26,Present
1069,10,6,2026-01-25,Present
1070,10,6,2026-01-24,Present
1071,10,6,2026-01-23,Present
1072,10,6,2026-01-22,Present
1073,10,6,2026-01-21,Excused
1074,10,6,2026-01-20,Present
1075,10,6,2026-01-19,Present
1076,10,6,2026-01-18,Present
1077,10,6,2026-01-17,Present
1078,10,6,2026-01-16,Present
1079,10,6,2026-01-15,Present
1080,10,6,2026-01-14,Present
1081,10,8,2026-02-12,Present
1082,10,8,2026-02-11,Present
1083,10,8,2026-02-10,Present
1084,10,8,2026-02-09,Excused
1085,10,8,2026-02-08,Present
1086,10,8,2026-02-07,Present
1087,10,8,2026-02-06,Present
1088,10,8,2026-02-05,Present
1089,10,8,2026-02-04,Absent
1090,10,8,2026-02-03,Present
1091,10,8,2026-02-02,Present
1092,10,8,2026-02-01,Present
1093,10,8,2026-01-31,Present
1094,10,8,2026-01-30,Present
1095,10,8,2026-01-29,Present
1096,10,8,2026-01-28,Present
1097,10,8,2026-01-27,Present
1098,10,8,2026-01-26,Present
1099,10,8,2026-01-25,Present
1100,10,8,2026-01-24,Present
1101,10,8,2026-01-23,Present
1102,10,8,2026-01-22,Present
1103,10,8,2026-01-21,Present
1104,10,8,2026-01-20,Present
1105,10,8,2026-01-19,Present
1106,10,8,2026-01-18,Present
1107,10,8,2026-01-17,Present
1108,10,8,2026-01-16,Absent
1109,10,8,2026-01-15,Present
1110,10,8,2026-01-14,Present
1111,10,2,2026-02-12,Present
1112,10,2,2026-02-11,Present
1113,10,2,2026-02-10,Present
1114,10,2,2026-02-09,Present
1115,10,2,2026-02-08,Present
1116,10,2,2026-02-07,Present
1117,10,2,2026-02-06,Present
1118,10,2,2026-02-05,Present
1119,10,2,2026-02-04,Present
1120,10,2,2026-02-03,Excused
1121,10,2,2026-02-02,Present
1122,10,2,2026-02-01,Present
1123,10,2,2026-01-31,Present
1124,10,2,2026-01-30,Present
1125,10,2,2026-01-29,Present
1126,10,2,2026-01-28,Present
1127,10,2,2026-01-27,Present
1128,10,2,2026-01-26,Late
1129,10,2,2026-01-25,Present
1130,10,2,2026-01-24,Present
1131,10,2,2026-01-23,Present
1132,10,2,2026-01-22,Present
1133,10,2,2026-01-21,Present
1134,10,2,2026-01-20,Absent
1135,10,2,2026-01-19,Present
1136,10,2,2026-01-18,Present
1137,10,2,2026-01-17,Absent
1138,10,2,2026-01-16,Present
1139,10,2,2026-01-15,Present
1140,10,2,2026-01-14,Present
1141,10,1,2026-02-12,Present
1142,10,1,2026-02-11,Present
1143,10,1,2026-02-10,Present
1144,10,1,2026-02-09,Present
1145,10,1,2026-02-08,Present
1146,10,1,2026-02-07,Present
1147,10,1,2026-02-06,Present
1148,10,1,2026-02-05,Late
1149,10,1,2026-02-04,Present
1150,10,1,2026-02-03,Present
1151,10,1,2026-02-02,Late
1152,10,1,2026-02-01,Present
1153,10,1,2026-01-31,Present
1154,10,1,2026-01-30,Present
1155,10,1,2026-01-29,Excused
1156,10,1,2026-01-28,Excused
1157,10,1,2026-01-27,Present
1158,10,1,2026-01-26,Present
1159,10,1,2026-01-25,Present
1160,10,1,2026-01-24,Present
1161,10,1,2026-01-23,Present
1162,10,1,2026-01-22,Late
1163,10,1,2026-01-21,Present
1164,10,1,2026-01-20,Present
1165,10,1,2026-01-19,Present
1166,10,1,2026-01-18,Present
1167,10,1,2026-01-17,Present
1168,10,1,2026-01-16,Present
1169,10,1,2026-01-15,Excused
1170,10,1,2026-01-14,Present
1171,11,5,2026-02-12,Present
1172,11,5,2026-02-11,Present
1173,11,5,2026-02-10,Present
1174,11,5,2026-02-09,Present
1175,11,5,2026-02-08,Present
1176,11,5,2026-02-07,Present
1177,11,5,2026-02-06,Present
1178,11,5,2026-02-05,Present
1179,11,5,2026-02-04,Present
1180,11,5,2026-02-03,Present
1181,11,5,2026-02-02,Present
1182,11,5,2026-02-01,Present
1183,11,5,2026-01-31,Excused
1184,11,5,2026-01-30,Present
1185,11,5,2026-01-29,Present
1186,11,5,2026-01-28,Absent
1187,11,5,2026-01-27,Present
1188,11,5,2026-01-26,Present
1189,11,5,2026-01-25,Present
1190,11,5,2026-01-24,Present
1191,11,5,2026-01-23,Present
1192,11,5,2026-01-22,Absent
1193,11,5,2026-01-21,Present
1194,11,5,2026-01-20,Present
1195,11,5,2026-01-19,Excused
1196,11,5,2026-01-18,Present
1197,11,5,2026-01-17,Present
1198,11,5,2026-01-16,Present
1199,11,5,2026-01-15,Present
1200,11,5,2026-01-14,Absent
1201,11,6,2026-02-12,Present
1202,11,6,2026-02-11,Present
1203,11,6,2026-02-10,Late
1204,11,6,2026-02-09,Present
1205,11,6,2026-02-08,Present
1206,11,6,2026-02-07,Late
1207,11,6,2026-02-06,Absent
1208,11,6,2026-02-05,Present
1209,11,6,2026-02-04,Present
1210,11,6,2026-02-03,Present
1211,11,6,2026-02-02,Present
1212,11,6,2026-02-01,Present
1213,11,6,2026-01-31,Present
1214,11,6,2026-01-30,Present
1215,11,6,2026-01-29,Present
1216,11,6,2026-01-28,Absent
1217,11,6,2026-01-27,Present
1218,11,6,2026-01-26,Excused
1219,11,6,2026-01-25,Present
1220,11,6,2026-01-24,Present
1221,11,6,2026-01-23,Present
1222,11,6,2026-01-22,Present
1223,11,6,2026-01-21,Present
1224,11,6,2026-01-20,Present
1225,11,6,2026-01-19,Present
1226,11,6,2026-01-18,Excused
1227,11,6,2026-01-17,Present
1228,11,6,2026-01-16,Present
1229,11,6,2026-01-15,Present
1230,11,6,2026-01-14,Present
1231,11,1,2026-02-12,Present
1232,11,1,2026-02-11,Present
1233,11,1,2026-02-10,Present
1234,11,1,2026-02-09,Present
1235,11,1,2026-02-08,Present
1236,11,1,2026-02-07,Present
1237,11,1,2026-02-06,Present
1238,11,1,2026-02-05,Excused
1239,11,1,2026-02-04,Present
1240,11,1,2026-02-03,Absent
1241,11,1,2026-02-02,Present
1242,11,1,2026-02-01,Present
1243,11,1,2026-01-31,Present
1244,11,1,2026-01-30,Present
1245,11,1,2026-01-29,Present
1246,11,1,2026-01-28,Absent
1247,11,1,2026-01-27,Present
1248,11,1,2026-01-26,Present
1249,11,1,2026-01-25,Present
1250,11,1,2026-01-24,Present
1251,11,1,2026-01-23,Excused
1252,11,1,2026-01-22,Excused
1253,11,1,2026-01-21,Present
1254,11,1,2026-01-20,Present
1255,11,1,2026-01-19,Present
1256,11,1,2026-01-18,Present
1257,11,1,2026-01-17,Present
1258,11,1,2026-01-16,Present
1259,11,1,2026-01-15,Present
1260,11,1,2026-01-14,Late
1261,12,1,2026-02-12,Present
1262,12,1,2026-02-11,Present
1263,12,1,2026-02-10,Present
1264,12,1,2026-02-09,Present
1265,12,1,2026-02-08,Present
1266,12,1,2026-02-07,Present
1267,12,1,2026-02-06,Present
1268,12,1,2026-02-05,Present
1269,12,1,2026-02-04,Present
1270,12,1,2026-02-03,Present
1271,12,1,2026-02-02,Present
1272,12,1,2026-02-01,Present
1273,12,1,2026-01-31,Present
1274,12,1,2026-01-30,Present
1275,12,1,2026-01-29,Present
1276,12,1,2026-01-28,Present
1277,12,1,2026-01-27,Present
1278,12,1,2026-01-26,Present
1279,12,1,2026-01-25,Late
1280,12,1,2026-01-24,Late
1281,12,1,2026-01-23,Present
1282,12,1,2026-01-22,Present
1283,12,1,2026-01-21,Absent
1284,12,1,2026-01-20,Present
1285,12,1,2026-01-19,Present
1286,12,1,2026-01-18,Present
1287,12,1,2026-01-17,Present
1288,12,1,2026-01-16,Present
1289,12,1,2026-01-15,Present
1290,12,1,2026-01-14,Present
1291,12,7,2026-02-12,Present
1292,12,7,2026-02-11,Late
1293,12,7,2026-02-10,Absent
1294,12,7,2026-02-09,Present
1295,12,7,2026-02-08,Present
1296,12,7,2026-02-07,Present
1297,12,7,2026-02-06,Present
1298,12,7,2026-02-05,Present
1299,12,7,2026-02-04,Present
1300,12,7,2026-02-03,Present
1301,12,7,2026-02-02,Present
1302,12,7,2026-02-01,Present
1303,12,7,2026-01-31,Present
1304,12,7,2026-01-30,Present
1305,12,7,2026-01-29,Present
1306,12,7,2026-01-28,Present
1307,12,7,2026-01-27,Present
1308,12,7,2026-01-26,Present
1309,12,7,2026-01-25,Present
1310,12,7,2026-01-24,Present
1311,12,7,2026-01-23,Excused
1312,12,7,2026-01-22,Present
1313,12,7,2026-01-21,Present
1314,12,7,2026-01-20,Present
1315,12,7,2026-01-19,Present
1316,12,7,2026-01-18,Present
1317,12,7,2026-01-17,Present
1318,12,7,2026-01-16,Present
1319,12,7,2026-01-15,Present
1320,12,7,2026-01-14,Present
1321,12,2,2026-02-12,Present
1322,12,2,2026-02-11,Present
1323,12,2,2026-02-10,Present
1324,12,2,2026-02-09,Present
1325,12,2,2026-02-08,Excused
1326,12,2,2026-02-07,Present
1327,12,2,2026-02-06,Present
1328,12,2,2026-02-05,Present
1329,12,2,2026-02-04,Present
1330,12,2,2026-02-03,Present
1331,12,2,2026-02-02,Present
1332,12,2,2026-02-01,Absent
1333,12,2,2026-01-31,Present
1334,12,2,2026-01-30,Present
1335,12,2,2026-01-29,Present
1336,12,2,2026-01-28,Present
1337,12,2,2026-01-27,Present
1338,12,2,2026-01-26,Present
1339,12,2,2026-01-25,Present
1340,12,2,2026-01-24,Present
1341,12,2,2026-01-23,Late
1342,12,2,2026-01-22,Present
1343,12,2,2026-01-21,Present
1344,12,2,2026-01-20,Present
1345,12,2,2026-01-19,Present
1346,12,2,2026-01-18,Present
1347,12,2,2026-01-17,Present
1348,12,2,2026-01-16,Present
1349,12,2,2026-01-15,Late
1350,12,2,2026-01-14,Present
1351,12,5,2026-02-12,Present
1352,12,5,2026-02-11,Present
1353,12,5,2026-02-10,Present
1354,12,5,2026-02-09,Present
1355,12,5,2026-02-08,Present
1356,12,5,2026-02-07,Late
1357,12,5,2026-02-06,Present
1358,12,5,2026-02-05,Present
1359,12,5,2026-02-04,Present
1360,12,5,2026-02-03,Present
1361,12,5,2026-02-02,Excused
1362,12,5,2026-02-01,Present
1363,12,5,2026-01-31,Present
1364,12,5,2026-01-30,Present
1365,12,5,2026-01-29,Present
1366,12,5,2026-01-28,Present
1367,12,5,2026-01-27,Present
1368,12,5,2026-01-26,Present
1369,12,5,2026-01-25,Late
1370,12,5,2026-01-24,Present
1371,12,5,2026-01-23,Present
1372,12,5,2026-01-22,Present
1373,12,5,2026-01-21,Present
1374,12,5,2026-01-20,Present
1375,12,5,2026-01-19,Present
1376,12,5,2026-01-18,Present
1377,12,5,2026-01-17,Present
1378,12,5,2026-01-16,Present
1379,12,5,2026-01-15,Present
1380,12,5,2026-01-14,Present
1381,12,6,2026-02-12,Present
1382,12,6,2026-02-11,Absent
1383,12,6,2026-02-10,Present
1384,12,6,2026-02-09,Present
1385,12,6,2026-02-08,Present
1386,12,6,2026-02-07,Present
1387,12,6,2026-02-06,Present
1388,12,6,2026-02-05,Present
1389,12,6,2026-02-04,Present
1390,12,6,2026-02-03,Present
1391,12,6,2026-02-02,Absent
1392,12,6,2026-02-01,Excused
1393,12,6,2026-01-31,Present
1394,12,6,2026-01-30,Present
1395,12,6,2026-01-29,Present
1396,12,6,2026-01-28,Present
1397,12,6,2026-01-27,Present
1398,12,6,2026-01-26,Present
1399,12,6,2026-01-25,Present
1400,12,6,2026-01-24,Present
1401,12,6,2026-01-23,Present
1402,12,6,2026-01-22,Present
1403,12,6,2026-01-21,Present
1404,12,6,2026-01-20,Present
1405,12,6,2026-01-19,Present
1406,12,6,2026-01-18,Present
1407,12,6,2026-01-17,Present
1408,12,6,2026-01-16,Present
1409,12,6,2026-01-15,Present
1410,12,6,2026-01-14,Present
1411,13,10,2026-02-12,Present
1412,13,10,2026-02-11,Present
1413,13,10,2026-02-10,Present
1414,13,10,2026-02-09,Present
1415,13,10,2026-02-08,Absent
1416,13,10,2026-02-07,Present
1417,13,10,2026-02-06,Present
1418,13,10,2026-02-05,Late
1419,13,10,2026-02-04,Present
1420,13,10,2026-02-03,Present
1421,13,10,2026-02-02,Present
1422,13,10,2026-02-01,Present
1423,13,10,2026-01-31,Present
1424,13,10,2026-01-30,Present
1425,13,10,2026-01-29,Present
1426,13,10,2026-01-28,Present
1427,13,10,2026-01-27,Present
1428,13,10,2026-01-26,Present
1429,13,10,2026-01-25,Present
1430,13,10,2026-01-24,Present
1431,13,10,2026-01-23,Present
1432,13,10,2026-01-22,Present
1433,13,10,2026-01-21,Present
1434,13,10,2026-01-20,Present
1435,13,10,2026-01-19,Present
1436,13,10,2026-01-18,Absent
1437,13,10,2026-01-17,Present
1438,13,10,2026-01-16,Present
1439,13,10,2026-01-15,Present
1440,13,10,2026-01-14,Present
1441,13,4,2026-02-12,Present
1442,13,4,2026-02-11,Present
1443,13,4,2026-02-10,Present
1444,13,4,2026-02-09,Absent
1445,13,4,2026-02-08,Present
1446,13,4,2026-02-07,Present
1447,13,4,2026-02-06,Present
1448,13,4,2026-02-05,Present
1449,13,4,2026-02-04,Present
1450,13,4,2026-02-03,Present
1451,13,4,2026-02-02,Present
1452,13,4,2026-02-01,Present
1453,13,4,2026-01-31,Present
1454,13,4,2026-01-30,Present
1455,13,4,2026-01-29,Present
1456,13,4,2026-01-28,Excused
1457,13,4,2026-01-27,Absent
1458,13,4,2026-01-26,Present
1459,13,4,2026-01-25,Present
1460,13,4,2026-01-24,Present
1461,13,4,2026-01-23,Present
1462,13,4,2026-01-22,Present
1463,13,4,2026-01-21,Present
1464,13,4,2026-01-20,Present
1465,13,4,2026-01-19,Present
1466,13,4,2026-01-18,Present
1467,13,4,2026-01-17,Present
1468,13,4,2026-01-16,Present
1469,13,4,2026-01-15,Present
1470,13,4,2026-01-14,Present
1471,13,1,2026-02-12,Present
1472,13,1,2026-02-11,Present
1473,13,1,2026-02-10,Excused
1474,13,1,2026-02-09,Excused
1475,13,1,2026-02-08,Present
1476,13,1,2026-02-07,Present
1477,13,1,2026-02-06,Absent
1478,13,1,2026-02-05,Present
1479,13,1,2026-02-04,Present
1480,13,1,2026-02-03,Present
1481,13,1,2026-02-02,Present
1482,13,1,2026-02-01,Present
1483,13,1,2026-01-31,Present
1484,13,1,2026-01-30,Present
1485,13,1,2026-01-29,Present
1486,13,1,2026-01-28,Present
1487,13,1,2026-01-27,Present
1488,13,1,2026-01-26,Present
1489,13,1,2026-01-25,Excused
1490,13,1,2026-01-24,Late
1491,13,1,2026-01-23,Present
1492,13,1,2026-01-22,Absent
1493,13,1,2026-01-21,Absent
1494,13,1,2026-01-20,Late
1495,13,1,2026-01-19,Present
1496,13,1,2026-01-18,Excused
1497,13,1,2026-01-17,Present
1498,13,1,2026-01-16,Present
1499,13,1,2026-01-15,Present
1500,13,1,2026-01-14,Present
1501,14,4,2026-02-12,Present
1502,14,4,2026-02-11,Present
1503,14,4,2026-02-10,Present
1504,14,4,2026-02-09,Present
1505,14,4,2026-02-08,Present
1506,14,4,2026-02-07,Excused
1507,14,4,2026-02-06,Present
1508,14,4,2026-02-05,Present
1509,14,4,2026-02-04,Late
1510,14,4,2026-02-03,Present
1511,14,4,2026-02-02,Present
1512,14,4,2026-02-01,Present
1513,14,4,2026-01-31,Late
1514,14,4,2026-01-30,Present
1515,14,4,2026-01-29,Present
1516,14,4,2026-01-28,Present
1517,14,4,2026-01-27,Present
1518,14,4,2026-01-26,Absent
1519,14,4,2026-01-25,Present
1520,14,4,2026-01-24,Present
1521,14,4,2026-01-23,Present
1522,14,4,2026-01-22,Present
1523,14,4,2026-01-21,Present
1524,14,4,2026-01-20,Present
1525,14,4,2026-01-19,Present
1526,14,4,2026-01-18,Present
1527,14,4,2026-01-17,Present
1528,14,4,2026-01-16,Excused
1529,14,4,2026-01-15,Present
1530,14,4,2026-01-14,Absent
1531,14,3,2026-02-12,Late
1532,14,3,2026-02-11,Present
1533,14,3,2026-02-10,Present
1534,14,3,2026-02-09,Present
1535,14,3,2026-02-08,Present
1536,14,3,2026-02-07,Present
1537,14,3,2026-02-06,Present
1538,14,3,2026-02-05,Present
1539,14,3,2026-02-04,Present
1540,14,3,2026-02-03,Present
1541,14,3,2026-02-02,Excused
1542,14,3,2026-02-01,Present
1543,14,3,2026-01-31,Excused
1544,14,3,2026-01-30,Present
1545,14,3,2026-01-29,Present
1546,14,3,2026-01-28,Present
1547,14,3,2026-01-27,Present
1548,14,3,2026-01-26,Present
1549,14,3,2026-01-25,Present
1550,14,3,2026-01-24,Present
1551,14,3,2026-01-23,Present
1552,14,3,2026-01-22,Present
1553,14,3,2026-01-21,Late
1554,14,3,2026-01-20,Present
1555,14,3,2026-01-19,Present
1556,14,3,2026-01-18,Present
1557,14,3,2026-01-17,Present
1558,14,3,2026-01-16,Present
1559,14,3,2026-01-15,Present
1560,14,3,2026-01-14,Present
1561,14,5,2026-02-12,Present
1562,14,5,2026-02-11,Present
1563,14,5,2026-02-10,Present
1564,14,5,2026-02-09,Present
1565,14,5,2026-02-08,Present
1566,14,5,2026-02-07,Excused
1567,14,5,2026-02-06,Present
1568,14,5,2026-02-05,Present
1569,14,5,2026-02-04,Present
1570,14,5,2026-02-03,Excused
1571,14,5,2026-02-02,Present
1572,14,5,2026-02-01,Present
1573,14,5,2026-01-31,Present
1574,14,5,2026-01-30,Present
1575,14,5,2026-01-29,Present
1576,14,5,2026-01-28,Present
1577,14,5,2026-01-27,Present
1578,14,5,2026-01-26,Present
1579,14,5,2026-01-25,Present
1580,14,5,2026-01-24,Present
1581,14,5,2026-01-23,Present
1582,14,5,2026-01-22,Present
1583,14,5,2026-01-21,Present
1584,14,5,2026-01-20,Present
1585,14,5,2026-01-19,Present
1586,14,5,2026-01-18,Present
1587,14,5,2026-01-17,Present
1588,14,5,2026-01-16,Present
1589,14,5,2026-01-15,Present
1590,14,5,2026-01-14,Present
1591,14,7,2026-02-12,Present
1592,14,7,2026-02-11,Present
1593,14,7,2026-02-10,Present
1594,14,7,2026-02-09,Present
1595,14,7,2026-02-08,Present
1596,14,7,2026-02-07,Present
1597,14,7,2026-02-06,Present
1598,14,7,2026-02-05,Present
1599,14,7,2026-02-04,Present
1600,14,7,2026-02-03,Present
1601,14,7,2026-02-02,Present
1602,14,7,2026-02-01,Present
1603,14,7,2026-01-31,Present
1604,14,7,2026-01-30,Present
1605,14,7,2026-01-29,Present
1606,14,7,2026-01-28,Present
1607,14,7,2026-01-27,Present
1608,14,7,2026-01-26,Present
1609,14,7,2026-01-25,Present
1610,14,7,2026-01-24,Absent
1611,14,7,2026-01-23,Present
1612,14,7,2026-01-22,Present
1613,14,7,2026-01-21,Present
1614,14,7,2026-01-20,Excused
1615,14,7,2026-01-19,Present
1616,14,7,2026-01-18,Present
1617,14,7,2026-01-17,Present
1618,14,7,2026-01-16,Present
1619,14,7,2026-01-15,Present
1620,14,7,2026-01-14,Present
1621,14,1,2026-02-12,Present
1622,14,1,2026-02-11,Present
1623,14,1,2026-02-10,Present
1624,14,1,2026-02-09,Present
1625,14,1,2026-02-08,Excused
1626,14,1,2026-02-07,Present
1627,14,1,2026-02-06,Present
1628,14,1,2026-02-05,Present
1629,14,1,2026-02-04,Absent
1630,14,1,2026-02-03,Present
1631,14,1,2026-02-02,Present
1632,14,1,2026-02-01,Present
1633,14,1,2026-01-31,Late
1634,14,1,2026-01-30,Present
1635,14,1,2026-01-29,Present
1636,14,1,2026-01-28,Present
1637,14,1,2026-01-27,Present
1638,14,1,2026-01-26,Present
1639,14,1,2026-01-25,Present
1640,14,1,2026-01-24,Present
1641,14,1,2026-01-23,Present
1642,14,1,2026-01-22,Present
1643,14,1,2026-01-21,Present
1644,14,1,2026-01-20,Present
1645,14,1,2026-01-19,Absent
1646,14,1,2026-01-18,Present
1647,14,1,2026-01-17,Present
1648,14,1,2026-01-16,Present
1649,14,1,2026-01-15,Present
1650,14,1,2026-01-14,Present
1651,15,7,2026-02-12,Present
1652,15,7,2026-02-11,Absent
1653,15,7,2026-02-10,Present
1654,15,7,2026-02-09,Present
1655,15,7,2026-02-08,Present
1656,15,7,2026-02-07,Present
1657,15,7,2026-02-06,Present
1658,15,7,2026-02-05,Present
1659,15,7,2026-02-04,Present
1660,15,7,2026-02-03,Present
1661,15,7,2026-02-02,Present
1662,15,7,2026-02-01,Present
1663,15,7,2026-01-31,Present
1664,15,7,2026-01-30,Present
1665,15,7,2026-01-29,Late
1666,15,7,2026-01-28,Present
1667,15,7,2026-01-27,Present
1668,15,7,2026-01-26,Excused
1669,15,7,2026-01-25,Present
1670,15,7,2026-01-24,Present
1671,15,7,2026-01-23,Present
1672,15,7,2026-01-22,Present
1673,15,7,2026-01-21,Present
1674,15,7,2026-01-20,Present
1675,15,7,2026-01-19,Present
1676,15,7,2026-01-18,Present
1677,15,7,2026-01-17,Present
1678,15,7,2026-01-16,Late
1679,15,7,2026-01-15,Present
1680,15,7,2026-01-14,Present
1681,15,10,2026-02-12,Present
1682,15,10,2026-02-11,Absent
1683,15,10,2026-02-10,Present
1684,15,10,2026-02-09,Late
1685,15,10,2026-02-08,Present
1686,15,10,2026-02-07,Present
1687,15,10,2026-02-06,Present
1688,15,10,2026-02-05,Present
1689,15,10,2026-02-04,Present
1690,15,10,2026-02-03,Present
1691,15,10,2026-02-02,Present
1692,15,10,2026-02-01,Present
1693,15,10,2026-01-31,Present
1694,15,10,2026-01-30,Late
1695,15,10,2026-01-29,Excused
1696,15,10,2026-01-28,Present
1697,15,10,2026-01-27,Present
1698,15,10,2026-01-26,Present
1699,15,10,2026-01-25,Present
1700,15,10,2026-01-24,Present
1701,15,10,2026-01-23,Present
1702,15,10,2026-01-22,Present
1703,15,10,2026-01-21,Present
1704,15,10,2026-01-20,Present
1705,15,10,2026-01-19,Present
1706,15,10,2026-01-18,Present
1707,15,10,2026-01-17,Present
1708,15,10,2026-01-16,Present
1709,15,10,2026-01-15,Present
1710,15,10,2026-01-14,Present
1711,15,6,2026-02-12,Present
1712,15,6,2026-02-11,Absent
1713,15,6,2026-02-10,Present
1714,15,6,2026-02-09,Present
1715,15,6,2026-02-08,Present
1716,15,6,2026-02-07,Present
1717,15,6,2026-02-06,Present
1718,15,6,2026-02-05,Present
1719,15,6,2026-02-04,Present
1720,15,6,2026-02-03,Present
1721,15,6,2026-02-02,Excused
1722,15,6,2026-02-01,Absent
1723,15,6,2026-01-31,Present
1724,15,6,2026-01-30,Present
1725,15,6,2026-01-29,Present
1726,15,6,2026-01-28,Present
1727,15,6,2026-01-27,Present
1728,15,6,2026-01-26,Present
1729,15,6,2026-01-25,Present
1730,15,6,2026-01-24,Present
1731,15,6,2026-01-23,Present
1732,15,6,2026-01-22,Present
1733,15,6,2026-01-21,Present
1734,15,6,2026-01-20,Present
1735,15,6,2026-01-19,Present
1736,15,6,2026-01-18,Present
1737,15,6,2026-01-17,Late
1738,15,6,2026-01-16,Excused
1739,15,6,2026-01-15,Present
1740,15,6,2026-01-14,Present
1741,15,2,2026-02-12,Present
1742,15,2,2026-02-11,Present
1743,15,2,2026-02-10,Present
1744,15,2,2026-02-09,Present
1745,15,2,2026-02-08,Present
1746,15,2,2026-02-07,Present
1747,15,2,2026-02-06,Present
1748,15,2,2026-02-05,Absent
1749,15,2,2026-02-04,Present
1750,15,2,2026-02-03,Present
1751,15,2,2026-02-02,Present
1752,15,2,2026-02-01,Present
1753,15,2,2026-01-31,Present
1754,15,2,2026-01-30,Present
1755,15,2,2026-01-29,Absent
1756,15,2,2026-01-28,Present
1757,15,2,2026-01-27,Absent
1758,15,2,2026-01-26,Present
1759,15,2,2026-01-25,Present
1760,15,2,2026-01-24,Present
1761,15,2,2026-01-23,Present
1762,15,2,2026-01-22,Present
1763,15,2,2026-01-21,Present
1764,15,2,2026-01-20,Present
1765,15,2,2026-01-19,Present
1766,15,2,2026-01-18,Present
1767,15,2,2026-01-17,Present
1768,15,2,2026-01-16,Present
1769,15,2,2026-01-15,Present
1770,15,2,2026-01-14,Present
1771,16,3,2026-02-12,Present
1772,16,3,2026-02-11,Present
1773,16,3,2026-02-10,Late
1774,16,3,2026-02-09,Present
1775,16,3,2026-02-08,Present
1776,16,3,2026-02-07,Present
1777,16,3,2026-02-06,Present
1778,16,3,2026-02-05,Present
1779,16,3,2026-02-04,Present
1780,16,3,2026-02-03,Late
1781,16,3,2026-02-02,Present
1782,16,3,2026-02-01,Present
1783,16,3,2026-01-31,Present
1784,16,3,2026-01-30,Present
1785,16,3,2026-01-29,Present
1786,16,3,2026-01-28,Late
1787,16,3,2026-01-27,Present
1788,16,3,2026-01-26,Excused
1789,16,3,2026-01-25,Present
1790,16,3,2026-01-24,Late
1791,16,3,2026-01-23,Present
1792,16,3,2026-01-22,Present
1793,16,3,2026-01-21,Late
1794,16,3,2026-01-20,Present
1795,16,3,2026-01-19,Present
1796,16,3,2026-01-18,Present
1797,16,3,2026-01-17,Present
1798,16,3,2026-01-16,Present
1799,16,3,2026-01-15,Present
1800,16,3,2026-01-14,Present
1801,16,2,2026-02-12,Present
1802,16,2,2026-02-11,Late
1803,16,2,2026-02-10,Present
1804,16,2,2026-02-09,Present
1805,16,2,2026-02-08,Present
1806,16,2,2026-02-07,Present
1807,16,2,2026-02-06,Present
1808,16,2,2026-02-05,Present
1809,16,2,2026-02-04,Excused
1810,16,2,2026-02-03,Present
1811,16,2,2026-02-02,Present
1812,16,2,2026-02-01,Present
1813,16,2,2026-01-31,Present
1814,16,2,2026-01-30,Present
1815,16,2,2026-01-29,Present
1816,16,2,2026-01-28,Excused
1817,16,2,2026-01-27,Present
1818,16,2,2026-01-26,Present
1819,16,2,2026-01-25,Present
1820,16,2,2026-01-24,Present
1821,16,2,2026-01-23,Present
1822,16,2,2026-01-22,Present
1823,16,2,2026-01-21,Present
1824,16,2,2026-01-20,Present
1825,16,2,2026-01-19,Present
1826,16,2,2026-01-18,Present
1827,16,2,2026-01-17,Present
1828,16,2,2026-01-16,Present
1829,16,2,2026-01-15,Late
1830,16,2,2026-01-14,Present
1831,16,9,2026-02-12,Present
1832,16,9,2026-02-11,Present
1833,16,9,2026-02-10,Present
1834,16,9,2026-02-09,Present
1835,16,9,2026-02-08,Present
1836,16,9,2026-02-07,Present
1837,16,9,2026-02-06,Present
1838,16,9,2026-02-05,Present
1839,16,9,2026-02-04,Present
1840,16,9,2026-02-03,Present
1841,16,9,2026-02-02,Present
1842,16,9,2026-02-01,Present
1843,16,9,2026-01-31,Present
1844,16,9,2026-01-30,Present
1845,16,9,2026-01-29,Present
1846,16,9,2026-01-28,Present
1847,16,9,2026-01-27,Excused
1848,16,9,2026-01-26,Present
1849,16,9,2026-01-25,Present
1850,16,9,2026-01-24,Present
1851,16,9,2026-01-23,Present
1852,16,9,2026-01-22,Present
1853,16,9,2026-01-21,Present
1854,16,9,2026-01-20,Present
1855,16,9,2026-01-19,Late
1856,16,9,2026-01-18,Present
1857,16,9,2026-01-17,Excused
1858,16,9,2026-01-16,Present
1859,16,9,2026-01-15,Present
1860,16,9,2026-01-14,Present
1861,16,7,2026-02-12,Present
1862,16,7,2026-02-11,Present
1863,16,7,2026-02-10,Present
1864,16,7,2026-02-09,Present
1865,16,7,2026-02-08,Excused
1866,16,7,2026-02-07,Present
1867,16,7,2026-02-06,Present
1868,16,7,2026-02-05,Present
1869,16,7,2026-02-04,Present
1870,16,7,2026-02-03,Present
1871,16,7,2026-02-02,Present
1872,16,7,2026-02-01,Present
1873,16,7,2026-01-31,Present
1874,16,7,2026-01-30,Late
1875,16,7,2026-01-29,Excused
1876,16,7,2026-01-28,Present
1877,16,7,2026-01-27,Excused
1878,16,7,2026-01-26,Present
1879,16,7,2026-01-25,Present
1880,16,7,2026-01-24,Present
1881,16,7,2026-01-23,Present
1882,16,7,2026-01-22,Present
1883,16,7,2026-01-21,Present
1884,16,7,2026-01-20,Present
1885,16,7,2026-01-19,Excused
1886,16,7,2026-01-18,Late
1887,16,7,2026-01-17,Late
1888,16,7,2026-01-16,Present
1889,16,7,2026-01-15,Present
1890,16,7,2026-01-14,Present
1891,17,4,2026-02-12,Present
1892,17,4,2026-02-11,Present
1893,17,4,2026-02-10,Present
1894,17,4,2026-02-09,Excused
1895,17,4,2026-02-08,Present
1896,17,4,2026-02-07,Present
1897,17,4,2026-02-06,Present
1898,17,4,2026-02-05,Present
1899,17,4,2026-02-04,Present
1900,17,4,2026-02-03,Excused
1901,17,4,2026-02-02,Present
1902,17,4,2026-02-01,Present
1903,17,4,2026-01-31,Present
1904,17,4,2026-01-30,Present
1905,17,4,2026-01-29,Present
1906,17,4,2026-01-28,Present
1907,17,4,2026-01-27,Present
1908,17,4,2026-01-26,Present
1909,17,4,2026-01-25,Present
1910,17,4,2026-01-24,Absent
1911,17,4,2026-01-23,Present
1912,17,4,2026-01-22,Present
1913,17,4,2026-01-21,Present
1914,17,4,2026-01-20,Present
1915,17,4,2026-01-19,Absent
1916,17,4,2026-01-18,Present
1917,17,4,2026-01-17,Present
1918,17,4,2026-01-16,Present
1919,17,4,2026-01-15,Present
1920,17,4,2026-01-14,Present
1921,17,10,2026-02-12,Present
1922,17,10,2026-02-11,Present
1923,17,10,2026-02-10,Present
1924,17,10,2026-02-09,Present
1925,17,10,2026-02-08,Present
1926,17,10,2026-02-07,Present
1927,17,10,2026-02-06,Present
1928,17,10,2026-02-05,Present
1929,17,10,2026-02-04,Present
1930,17,10,2026-02-03,Present
1931,17,10,2026-02-02,Present
1932,17,10,2026-02-01,Absent
1933,17,10,2026-01-31,Absent
1934,17,10,2026-01-30,Present
1935,17,10,2026-01-29,Present
1936,17,10,2026-01-28,Present
1937,17,10,2026-01-27,Present
1938,17,10,2026-01-26,Present
1939,17,10,2026-01-25,Present
1940,17,10,2026-01-24,Present
1941,17,10,2026-01-23,Present
1942,17,10,2026-01-22,Present
1943,17,10,2026-01-21,Present
1944,17,10,2026-01-20,Present
1945,17,10,2026-01-19,Present
1946,17,10,2026-01-18,Present
1947,17,10,2026-01-17,Present
1948,17,10,2026-01-16,Present
1949,17,10,2026-01-15,Present
1950,17,10,2026-01-14,Present
1951,17,2,2026-02-12,Present
1952,17,2,2026-02-11,Present
1953,17,2,2026-02-10,Present
1954,17,2,2026-02-09,Present
1955,17,2,2026-02-08,Present
1956,17,2,2026-02-07,Present
1957,17,2,2026-02-06,Present
1958,17,2,2026-02-05,Late
1959,17,2,2026-02-04,Excused
1960,17,2,2026-02-03,Present
1961,17,2,2026-02-02,Present
1962,17,2,2026-02-01,Late
1963,17,2,2026-01-31,Excused
1964,17,2,2026-01-30,Absent
1965,17,2,2026-01-29,Present
1966,17,2,2026-01-28,Present
1967,17,2,2026-01-27,Present
1968,17,2,2026-01-26,Present
1969,17,2,2026-01-25,Present
1970,17,2,2026-01-24,Present
1971,17,2,2026-01-23,Present
1972,17,2,2026-01-22,Present
1973,17,2,2026-01-21,Present
1974,17,2,2026-01-20,Late
1975,17,2,2026-01-19,Present
1976,17,2,2026-01-18,Present
1977,17,2,2026-01-17,Present
1978,17,2,2026-01-16,Present
1979,17,2,2026-01-15,Present
1980,17,2,2026-01-14,Excused
1981,18,3,2026-02-12,Excused
1982,18,3,2026-02-11,Absent
1983,18,3,2026-02-10,Late
1984,18,3,2026-02-09,Present
1985,18,3,2026-02-08,Present
1986,18,3,2026-02-07,Present
1987,18,3,2026-02-06,Present
1988,18,3,2026-02-05,Present
1989,18,3,2026-02-04,Present
1990,18,3,2026-02-03,Present
1991,18,3,2026-02-02,Present
1992,18,3,2026-02-01,Present
1993,18,3,2026-01-31,Absent
1994,18,3,2026-01-30,Present
1995,18,3,2026-01-29,Present
1996,18,3,2026-01-28,Present
1997,18,3,2026-01-27,Present
1998,18,3,2026-01-26,Present
1999,18,3,2026-01-25,Present
2000,18,3,2026-01-24,Late
2001,18,3,2026-01-23,Present
2002,18,3,2026-01-22,Present
2003,18,3,2026-01-21,Present
2004,18,3,2026-01-20,Late
2005,18,3,2026-01-19,Present
2006,18,3,2026-01-18,Present
2007,18,3,2026-01-17,Present
2008,18,3,2026-01-16,Present
2009,18,3,2026-01-15,Present
2010,18,3,2026-01-14,Present
2011,18,4,2026-02-12,Present
2012,18,4,2026-02-11,Present
2013,18,4,2026-02-10,Present
2014,18,4,2026-02-09,Present
2015,18,4,2026-02-08,Present
2016,18,4,2026-02-07,Present
2017,18,4,2026-02-06,Present
2018,18,4,2026-02-05,Present
2019,18,4,2026-02-04,Present
2020,18,4,2026-02-03,Present
2021,18,4,2026-02-02,Present
2022,18,4,2026-02-01,Present
2023,18,4,2026-01-31,Present
2024,18,4,2026-01-30,Present
2025,18,4,2026-01-29,Present
2026,18,4,2026-01-28,Present
2027,18,4,2026-01-27,Absent
2028,18,4,2026-01-26,Present
2029,18,4,2026-01-25,Excused
2030,18,4,2026-01-24,Present
2031,18,4,2026-01-23,Late
2032,18,4,2026-01-22,Present
2033,18,4,2026-01-21,Present
2034,18,4,2026-01-20,Present
2035,18,4,2026-01-19,Present
2036,18,4,2026-01-18,Present
2037,18,4,2026-01-17,Present
2038,18,4,2026-01-16,Present
2039,18,4,2026-01-15,Present
2040,18,4,2026-01-14,Present
2041,18,1,2026-02-12,Present
2042,18,1,2026-02-11,Present
2043,18,1,2026-02-10,Present
2044,18,1,2026-02-09,Present
2045,18,1,2026-02-08,Present
2046,18,1,2026-02-07,Present
2047,18,1,2026-02-06,Present
2048,18,1,2026-02-05,Present
2049,18,1,2026-02-04,Absent
2050,18,1,2026-02-03,Present
2051,18,1,2026-02-02,Late
2052,18,1,2026-02-01,Present
2053,18,1,2026-01-31,Late
2054,18,1,2026-01-30,Present
2055,18,1,2026-01-29,Present
2056,18,1,2026-01-28,Present
2057,18,1,2026-01-27,Present
2058,18,1,2026-01-26,Present
2059,18,1,2026-01-25,Present
2060,18,1,2026-01-24,Late
2061,18,1,2026-01-23,Present
2062,18,1,2026-01-22,Present
2063,18,1,2026-01-21,Present
2064,18,1,2026-01-20,Present
2065,18,1,2026-01-19,Present
2066,18,1,2026-01-18,Present
2067,18,1,2026-01-17,Present
2068,18,1,2026-01-16,Present
2069,18,1,2026-01-15,Present
2070,18,1,2026-01-14,Present
2071,19,1,2026-02-12,Present
2072,19,1,2026-02-11,Present
2073,19,1,2026-02-10,Present
2074,19,1,2026-02-09,Present
2075,19,1,2026-02-08,Present
2076,19,1,2026-02-07,Present
2077,19,1,2026-02-06,Present
2078,19,1,2026-02-05,Present
2079,19,1,2026-02-04,Excused
2080,19,1,2026-02-03,Present
2081,19,1,2026-02-02,Present
2082,19,1,2026-02-01,Absent
2083,19,1,2026-01-31,Present
2084,19,1,2026-01-30,Present
2085,19,1,2026-01-29,Present
2086,19,1,2026-01-28,Present
2087,19,1,2026-01-27,Present
2088,19,1,2026-01-26,Present
2089,19,1,2026-01-25,Late
2090,19,1,2026-01-24,Present
2091,19,1,2026-01-23,Present
2092,19,1,2026-01-22,Present
2093,19,1,2026-01-21,Present
2094,19,1,2026-01-20,Present
2095,19,1,2026-01-19,Present
2096,19,1,2026-01-18,Present
2097,19,1,2026-01-17,Present
2098,19,1,2026-01-16,Late
2099,19,1,2026-01-15,Absent
2100,19,1,2026-01-14,Present
2101,19,3,2026-02-12,Present
2102,19,3,2026-02-11,Excused
2103,19,3,2026-02-10,Present
2104,19,3,2026-02-09,Present
2105,19,3,2026-02-08,Absent
2106,19,3,2026-02-07,Present
2107,19,3,2026-02-06,Present
2108,19,3,2026-02-05,Present
2109,19,3,2026-02-04,Present
2110,19,3,2026-02-03,Late
2111,19,3,2026-02-02,Present
2112,19,3,2026-02-01,Present
2113,19,3,2026-01-31,Present
2114,19,3,2026-01-30,Present
2115,19,3,2026-01-29,Present
2116,19,3,2026-01-28,Present
2117,19,3,2026-01-27,Present
2118,19,3,2026-01-26,Present
2119,19,3,2026-01-25,Present
2120,19,3,2026-01-24,Excused
2121,19,3,2026-01-23,Present
2122,19,3,2026-01-22,Present
2123,19,3,2026-01-21,Present
2124,19,3,2026-01-20,Present
2125,19,3,2026-01-19,Present
2126,19,3,2026-01-18,Present
2127,19,3,2026-01-17,Present
2128,19,3,2026-01-16,Present
2129,19,3,2026-01-15,Present
2130,19,3,2026-01-14,Present
2131,19,7,2026-02-12,Present
2132,19,7,2026-02-11,Present
2133,19,7,2026-02-10,Present
2134,19,7,2026-02-09,Present
2135,19,7,2026-02-08,Present
2136,19,7,2026-02-07,Present
2137,19,7,2026-02-06,Absent
2138,19,7,2026-02-05,Present
2139,19,7,2026-02-04,Excused
2140,19,7,2026-02-03,Excused
2141,19,7,2026-02-02,Present
2142,19,7,2026-02-01,Present
2143,19,7,2026-01-31,Present
2144,19,7,2026-01-30,Present
2145,19,7,2026-01-29,Present
2146,19,7,2026-01-28,Present
2147,19,7,2026-01-27,Excused
2148,19,7,2026-01-26,Present
2149,19,7,2026-01-25,Present
2150,19,7,2026-01-24,Present
2151,19,7,2026-01-23,Late
2152,19,7,2026-01-22,Excused
2153,19,7,2026-01-21,Present
2154,19,7,2026-01-20,Present
2155,19,7,2026-01-19,Present
2156,19,7,2026-01-18,Present
2157,19,7,2026-01-17,Present
2158,19,7,2026-01-16,Present
2159,19,7,2026-01-15,Present
2160,19,7,2026-01-14,Present
2161,19,4,2026-02-12,Present
2162,19,4,2026-02-11,Present
2163,19,4,2026-02-10,Present
2164,19,4,2026-02-09,Present
2165,19,4,2026-02-08,Present
2166,19,4,2026-02-07,Present
2167,19,4,2026-02-06,Present
2168,19,4,2026-02-05,Excused
2169,19,4,2026-02-04,Present
2170,19,4,2026-02-03,Present
2171,19,4,2026-02-02,Present
2172,19,4,2026-02-01,Present
2173,19,4,2026-01-31,Present
2174,19,4,2026-01-30,Present
2175,19,4,2026-01-29,Present
2176,19,4,2026-01-28,Present
2177,19,4,2026-01-27,Present
2178,19,4,2026-01-26,Late
2179,19,4,2026-01-25,Present
2180,19,4,2026-01-24,Present
2181,19,4,2026-01-23,Present
2182,19,4,2026-01-22,Present
2183,19,4,2026-01-21,Present
2184,19,4,2026-01-20,Present
2185,19,4,2026-01-19,Absent
2186,19,4,2026-01-18,Absent
2187,19,4,2026-01-17,Present
2188,19,4,2026-01-16,Present
2189,19,4,2026-01-15,Present
2190,19,4,2026-01-14,Present
2191,19,6,2026-02-12,Present
2192,19,6,2026-02-11,Present
2193,19,6,2026-02-10,Present
2194,19,6,2026-02-09,Present
2195,19,6,2026-02-08,Present
2196,19,6,2026-02-07,Present
2197,19,6,2026-02-06,Present
2198,19,6,2026-02-05,Present
2199,19,6,2026-02-04,Present
2200,19,6,2026-02-03,Present
2201,19,6,2026-02-02,Present
2202,19,6,2026-02-01,Present
2203,19,6,2026-01-31,Present
2204,19,6,2026-01-30,Present
2205,19,6,2026-01-29,Present
2206,19,6,2026-01-28,Late
2207,19,6,2026-01-27,Present
2208,19,6,2026-01-26,Present
2209,19,6,2026-01-25,Present
2210,19,6,2026-01-24,Present
2211,19,6,2026-01-23,Present
2212,19,6,2026-01-22,Present
2213,19,6,2026-01-21,Present
2214,19,6,2026-01-20,Present
2215,19,6,2026-01-19,Present
2216,19,6,2026-01-18,Absent
2217,19,6,2026-01-17,Present
2218,19,6,2026-01-16,Absent
2219,19,6,2026-01-15,Absent
2220,19,6,2026-01-14,Present
2221,20,9,2026-02-12,Present
2222,20,9,2026-02-11,Present
2223,20,9,2026-02-10,Present
2224,20,9,2026-02-09,Present
2225,20,9,2026-02-08,Present
2226,20,9,2026-02-07,Present
2227,20,9,2026-02-06,Present
2228,20,9,2026-02-05,Present
2229,20,9,2026-02-04,Absent
2230,20,9,2026-02-03,Present
2231,20,9,2026-02-02,Late
2232,20,9,2026-02-01,Present
2233,20,9,2026-01-31,Present
2234,20,9,2026-01-30,Present
2235,20,9,2026-01-29,Present
2236,20,9,2026-01-28,Present
2237,20,9,2026-01-27,Present
2238,20,9,2026-01-26,Present
2239,20,9,2026-01-25,Present
2240,20,9,2026-01-24,Present
2241,20,9,2026-01-23,Present
2242,20,9,2026-01-22,Present
2243,20,9,2026-01-21,Present
2244,20,9,2026-01-20,Present
2245,20,9,2026-01-19,Late
2246,20,9,2026-01-18,Present
2247,20,9,2026-01-17,Late
2248,20,9,2026-01-16,Present
2249,20,9,2026-01-15,Present
2250,20,9,2026-01-14,Present
2251,20,3,2026-02-12,Present
2252,20,3,2026-02-11,Present
2253,20,3,2026-02-10,Present
2254,20,3,2026-02-09,Present
2255,20,3,2026-02-08,Present
2256,20,3,2026-02-07,Present
2257,20,3,2026-02-06,Present
2258,20,3,2026-02-05,Late
2259,20,3,2026-02-04,Present
2260,20,3,2026-02-03,Present
2261,20,3,2026-02-02,Present
2262,20,3,2026-02-01,Present
2263,20,3,2026-01-31,Present
2264,20,3,2026-01-30,Present
2265,20,3,2026-01-29,Present
2266,20,3,2026-01-28,Present
2267,20,3,2026-01-27,Present
2268,20,3,2026-01-26,Present
2269,20,3,2026-01-25,Present
2270,20,3,2026-01-24,Excused
2271,20,3,2026-01-23,Present
2272,20,3,2026-01-22,Present
2273,20,3,2026-01-21,Present
2274,20,3,2026-01-20,Absent
2275,20,3,2026-01-19,Present
2276,20,3,2026-01-18,Present
2277,20,3,2026-01-17,Present
2278,20,3,2026-01-16,Present
2279,20,3,2026-01-15,Present
2280,20,3,2026-01-14,Present
2281,20,7,2026-02-12,Present
2282,20,7,2026-02-11,Present
2283,20,7,2026-02-10,Late
2284,20,7,2026-02-09,Present
2285,20,7,2026-02-08,Present
2286,20,7,2026-02-07,Present
2287,20,7,2026-02-06,Present
2288,20,7,2026-02-05,Present
2289,20,7,2026-02-04,Present
2290,20,7,2026-02-03,Present
2291,20,7,2026-02-02,Present
2292,20,7,2026-02-01,Present
2293,20,7,2026-01-31,Present
2294,20,7,2026-01-30,Present
2295,20,7,2026-01-29,Present
2296,20,7,2026-01-28,Present
2297,20,7,2026-01-27,Present
2298,20,7,2026-01-26,Present
2299,20,7,2026-01-25,Present
2300,20,7,2026-01-24,Present
2301,20,7,2026-01-23,Present
2302,20,7,2026-01-22,Present
2303,20,7,2026-01-21,Present
2304,20,7,2026-01-20,Late
2305,20,7,2026-01-19,Present
2306,20,7,2026-01-18,Present
2307,20,7,2026-01-17,Present
2308,20,7,2026-01-16,Present
2309,20,7,2026-01-15,Present
2310,20,7,2026-01-14,Present
2311,20,10,2026-02-12,Present
2312,20,10,2026-02-11,Present
2313,20,10,2026-02-10,Present
2314,20,10,2026-02-09,Late
2315,20,10,2026-02-08,Present
2316,20,10,2026-02-07,Present
2317,20,10,2026-02-06,Present
2318,20,10,2026-02-05,Present
2319,20,10,2026-02-04,Present
2320,20,10,2026-02-03,Present
2321,20,10,2026-02-02,Present
2322,20,10,2026-02-01,Present
2323,20,10,2026-01-31,Present
2324,20,10,2026-01-30,Present
2325,20,10,2026-01-29,Present
2326,20,10,2026-01-28,Present
2327,20,10,2026-01-27,Present
2328,20,10,2026-01-26,Present
2329,20,10,2026-01-25,Present
2330,20,10,2026-01-24,Present
2331,20,10,2026-01-23,Absent
2332,20,10,2026-01-22,Present
2333,20,10,2026-01-21,Present
2334,20,10,2026-01-20,Present
2335,20,10,2026-01-19,Present
2336,20,10,2026-01-18,Absent
2337,20,10,2026-01-17,Absent
2338,20,10,2026-01-16,Present
2339,20,10,2026-01-15,Present
2340,20,10,2026-01-14,Present
2341,20,4,2026-02-12,Present
2342,20,4,2026-02-11,Present
2343,20,4,2026-02-10,Late
2344,20,4,2026-02-09,Present
2345,20,4,2026-02-08,Present
2346,20,4,2026-02-07,Present
2347,20,4,2026-02-06,Present
2348,20,4,2026-02-05,Present
2349,20,4,2026-02-04,Absent
2350,20,4,2026-02-03,Present
2351,20,4,2026-02-02,Present
2352,20,4,2026-02-01,Present
2353,20,4,2026-01-31,Present
2354,20,4,2026-01-30,Present
2355,20,4,2026-01-29,Excused
2356,20,4,2026-01-28,Present
2357,20,4,2026-01-27,Present
2358,20,4,2026-01-26,Present
2359,20,4,2026-01-25,Present
2360,20,4,2026-01-24,Present
2361,20,4,2026-01-23,Present
2362,20,4,2026-01-22,Present
2363,20,4,2026-01-21,Present
2364,20,4,2026-01-20,Present
2365,20,4,2026-01-19,Present
2366,20,4,2026-01-18,Present
2367,20,4,2026-01-17,Excused
2368,20,4,2026-01-16,Present
2369,20,4,2026-01-15,Present
2370,20,4,2026-01-14,Present
2371,21,1,2026-02-12,Present
2372,21,1,2026-02-11,Present
2373,21,1,2026-02-10,Present
2374,21,1,2026-02-09,Present
2375,21,1,2026-02-08,Present
2376,21,1,2026-02-07,Present
2377,21,1,2026-02-06,Excused
2378,21,1,2026-02-05,Present
2379,21,1,2026-02-04,Present
2380,21,1,2026-02-03,Present
2381,21,1,2026-02-02,Present
2382,21,1,2026-02-01,Present
2383,21,1,2026-01-31,Present
2384,21,1,2026-01-30,Present
2385,21,1,2026-01-29,Present
2386,21,1,2026-01-28,Late
2387,21,1,2026-01-27,Present
2388,21,1,2026-01-26,Present
2389,21,1,2026-01-25,Present
2390,21,1,2026-01-24,Present
2391,21,1,2026-01-23,Present
2392,21,1,2026-01-22,Present
2393,21,1,2026-01-21,Absent
2394,21,1,2026-01-20,Present
2395,21,1,2026-01-19,Present
2396,21,1,2026-01-18,Present
2397,21,1,2026-01-17,Present
2398,21,1,2026-01-16,Present
2399,21,1,2026-01-15,Present
2400,21,1,2026-01-14,Present
2401,21,10,2026-02-12,Present
2402,21,10,2026-02-11,Present
2403,21,10,2026-02-10,Present
2404,21,10,2026-02-09,Present
2405,21,10,2026-02-08,Present
2406,21,10,2026-02-07,Present
2407,21,10,2026-02-06,Present
2408,21,10,2026-02-05,Late
2409,21,10,2026-02-04,Present
2410,21,10,2026-02-03,Present
2411,21,10,2026-02-02,Present
2412,21,10,2026-02-01,Present
2413,21,10,2026-01-31,Present
2414,21,10,2026-01-30,Present
2415,21,10,2026-01-29,Present
2416,21,10,2026-01-28,Present
2417,21,10,2026-01-27,Late
2418,21,10,2026-01-26,Present
2419,21,10,2026-01-25,Present
2420,21,10,2026-01-24,Present
2421,21,10,2026-01-23,Present
2422,21,10,2026-01-22,Present
2423,21,10,2026-01-21,Present
2424,21,10,2026-01-20,Excused
2425,21,10,2026-01-19,Present
2426,21,10,2026-01-18,Present
2427,21,10,2026-01-17,Late
2428,21,10,2026-01-16,Present
2429,21,10,2026-01-15,Present
2430,21,10,2026-01-14,Present
2431,21,3,2026-02-12,Present
2432,21,3,2026-02-11,Present
2433,21,3,2026-02-10,Excused
2434,21,3,2026-02-09,Excused
2435,21,3,2026-02-08,Late
2436,21,3,2026-02-07,Present
2437,21,3,2026-02-06,Present
2438,21,3,2026-02-05,Present
2439,21,3,2026-02-04,Present
2440,21,3,2026-02-03,Excused
2441,21,3,2026-02-02,Present
2442,21,3,2026-02-01,Present
2443,21,3,2026-01-31,Present
2444,21,3,2026-01-30,Present
2445,21,3,2026-01-29,Present
2446,21,3,2026-01-28,Present
2447,21,3,2026-01-27,Present
2448,21,3,2026-01-26,Present
2449,21,3,2026-01-25,Present
2450,21,3,2026-01-24,Present
2451,21,3,2026-01-23,Present
2452,21,3,2026-01-22,Late
2453,21,3,2026-01-21,Present
2454,21,3,2026-01-20,Present
2455,21,3,2026-01-19,Present
2456,21,3,2026-01-18,Present
2457,21,3,2026-01-17,Present
2458,21,3,2026-01-16,Present
2459,21,3,2026-01-15,Present
2460,21,3,2026-01-14,Present
2461,22,8,2026-02-12,Excused
2462,22,8,2026-02-11,Present
2463,22,8,2026-02-10,Present
2464,22,8,2026-02-09,Present
2465,22,8,2026-02-08,Present
2466,22,8,2026-02-07,Present
2467,22,8,2026-02-06,Present
2468,22,8,2026-02-05,Present
2469,22,8,2026-02-04,Present
2470,22,8,2026-02-03,Present
2471,22,8,2026-02-02,Present
2472,22,8,2026-02-01,Present
2473,22,8,2026-01-31,Present
2474,22,8,2026-01-30,Present
2475,22,8,2026-01-29,Present
2476,22,8,2026-01-28,Late
2477,22,8,2026-01-27,Present
2478,22,8,2026-01-26,Present
2479,22,8,2026-01-25,Present
2480,22,8,2026-01-24,Present
2481,22,8,2026-01-23,Present
2482,22,8,2026-01-22,Present
2483,22,8,2026-01-21,Present
2484,22,8,2026-01-20,Present
2485,22,8,2026-01-19,Present
2486,22,8,2026-01-18,Present
2487,22,8,2026-01-17,Present
2488,22,8,2026-01-16,Present
2489,22,8,2026-01-15,Present
2490,22,8,2026-01-14,Present
2491,22,10,2026-02-12,Present
2492,22,10,2026-02-11,Present
2493,22,10,2026-02-10,Present
2494,22,10,2026-02-09,Late
2495,22,10,2026-02-08,Late
2496,22,10,2026-02-07,Present
2497,22,10,2026-02-06,Present
2498,22,10,2026-02-05,Present
2499,22,10,2026-02-04,Present
2500,22,10,2026-02-03,Present
2501,22,10,2026-02-02,Present
2502,22,10,2026-02-01,Present
2503,22,10,2026-01-31,Present
2504,22,10,2026-01-30,Excused
2505,22,10,2026-01-29,Absent
2506,22,10,2026-01-28,Present
2507,22,10,2026-01-27,Present
2508,22,10,2026-01-26,Present
2509,22,10,2026-01-25,Present
2510,22,10,2026-01-24,Present
2511,22,10,2026-01-23,Present
2512,22,10,2026-01-22,Present
2513,22,10,2026-01-21,Present
2514,22,10,2026-01-20,Present
2515,22,10,2026-01-19,Late
2516,22,10,2026-01-18,Present
2517,22,10,2026-01-17,Present
2518,22,10,2026-01-16,Present
2519,22,10,2026-01-15,Present
2520,22,10,2026-01-14,Late
2521,22,1,2026-02-12,Excused
2522,22,1,2026-02-11,Present
2523,22,1,2026-02-10,Present
2524,22,1,2026-02-09,Present
2525,22,1,2026-02-08,Present
2526,22,1,2026-02-07,Present
2527,22,1,2026-02-06,Present
2528,22,1,2026-02-05,Present
2529,22,1,2026-02-04,Present
2530,22,1,2026-02-03,Present
2531,22,1,2026-02-02,Present
2532,22,1,2026-02-01,Present
2533,22,1,2026-01-31,Present
2534,22,1,2026-01-30,Present
2535,22,1,2026-01-29,Present
2536,22,1,2026-01-28,Present
2537,22,1,2026-01-27,Present
2538,22,1,2026-01-26,Present
2539,22,1,2026-01-25,Present
2540,22,1,2026-01-24,Present
2541,22,1,2026-01-23,Present
2542,22,1,2026-01-22,Present
2543,22,1,2026-01-21,Present
2544,22,1,2026-01-20,Present
2545,22,1,2026-01-19,Excused
2546,22,1,2026-01-18,Present
2547,22,1,2026-01-17,Present
2548,22,1,2026-01-16,Present
2549,22,1,2026-01-15,Present
2550,22,1,2026-01-14,Present
2551,22,3,2026-02-12,Present
2552,22,3,2026-02-11,Present
2553,22,3,2026-02-10,Present
2554,22,3,2026-02-09,Present
2555,22,3,2026-02-08,Present
2556,22,3,2026-02-07,Present
2557,22,3,2026-02-06,Present
2558,22,3,2026-02-05,Excused
2559,22,3,2026-02-04,Present
2560,22,3,2026-02-03,Present
2561,22,3,2026-02-02,Present
2562,22,3,2026-02-01,Present
2563,22,3,2026-01-31,Present
2564,22,3,2026-01-30,Present
2565,22,3,2026-01-29,Excused
2566,22,3,2026-01-28,Present
2567,22,3,2026-01-27,Present
2568,22,3,2026-01-26,Present
2569,22,3,2026-01-25,Present
2570,22,3,2026-01-24,Present
2571,22,3,2026-01-23,Present
2572,22,3,2026-01-22,Present
2573,22,3,2026-01-21,Present
2574,22,3,2026-01-20,Present
2575,22,3,2026-01-19,Present
2576,22,3,2026-01-18,Present
2577,22,3,2026-01-17,Excused
2578,22,3,2026-01-16,Present
2579,22,3,2026-01-15,Present
2580,22,3,2026-01-14,Present
2581,22,5,2026-02-12,Present
2582,22,5,2026-02-11,Present
2583,22,5,2026-02-10,Present
2584,22,5,2026-02-09,Present
2585,22,5,2026-02-08,Absent
2586,22,5,2026-02-07,Present
2587,22,5,2026-02-06,Present
2588,22,5,2026-02-05,Absent
2589,22,5,2026-02-04,Late
2590,22,5,2026-02-03,Present
2591,22,5,2026-02-02,Present
2592,22,5,2026-02-01,Present
2593,22,5,2026-01-31,Present
2594,22,5,2026-01-30,Present
2595,22,5,2026-01-29,Present
2596,22,5,2026-01-28,Present
2597,22,5,2026-01-27,Present
2598,22,5,2026-01-26,Present
2599,22,5,2026-01-25,Present
2600,22,5,2026-01-24,Present
2601,22,5,2026-01-23,Present
2602,22,5,2026-01-22,Present
2603,22,5,2026-01-21,Present
2604,22,5,2026-01-20,Present
2605,22,5,2026-01-19,Present
2606,22,5,2026-01-18,Late
2607,22,5,2026-01-17,Excused
2608,22,5,2026-01-16,Present
2609,22,5,2026-01-15,Present
2610,22,5,2026-01-14,Present
2611,23,9,2026-02-12,Late
2612,23,9,2026-02-11,Present
2613,23,9,2026-02-10,Late
2614,23,9,2026-02-09,Present
2615,23,9,2026-02-08,Present
2616,23,9,2026-02-07,Present
2617,23,9,2026-02-06,Present
2618,23,9,2026-02-05,Present
2619,23,9,2026-02-04,Present
2620,23,9,2026-02-03,Present
2621,23,9,2026-02-02,Present
2622,23,9,2026-02-01,Present
2623,23,9,2026-01-31,Present
2624,23,9,2026-01-30,Present
2625,23,9,2026-01-29,Present
2626,23,9,2026-01-28,Present
2627,23,9,2026-01-27,Present
2628,23,9,2026-01-26,Present
2629,23,9,2026-01-25,Excused
2630,23,9,2026-01-24,Present
2631,23,9,2026-01-23,Present
2632,23,9,2026-01-22,Present
2633,23,9,2026-01-21,Present
2634,23,9,2026-01-20,Present
2635,23,9,2026-01-19,Present
2636,23,9,2026-01-18,Present
2637,23,9,2026-01-17,Present
2638,23,9,2026-01-16,Present
2639,23,9,2026-01-15,Present
2640,23,9,2026-01-14,Present
2641,23,4,2026-02-12,Present
2642,23,4,2026-02-11,Present
2643,23,4,2026-02-10,Present
2644,23,4,2026-02-09,Absent
2645,23,4,2026-02-08,Present
2646,23,4,2026-02-07,Present
2647,23,4,2026-02-06,Present
2648,23,4,2026-02-05,Present
2649,23,4,2026-02-04,Late
2650,23,4,2026-02-03,Present
2651,23,4,2026-02-02,Present
2652,23,4,2026-02-01,Present
2653,23,4,2026-01-31,Present
2654,23,4,2026-01-30,Present
2655,23,4,2026-01-29,Present
2656,23,4,2026-01-28,Present
2657,23,4,2026-01-27,Present
2658,23,4,2026-01-26,Present
2659,23,4,2026-01-25,Present
2660,23,4,2026-01-24,Present
2661,23,4,2026-01-23,Present
2662,23,4,2026-01-22,Present
2663,23,4,2026-01-21,Present
2664,23,4,2026-01-20,Present
2665,23,4,2026-01-19,Present
2666,23,4,2026-01-18,Present
2667,23,4,2026-01-17,Present
2668,23,4,2026-01-16,Present
2669,23,4,2026-01-15,Present
2670,23,4,2026-01-14,Present
2671,23,7,2026-02-12,Present
2672,23,7,2026-02-11,Present
2673,23,7,2026-02-10,Present
2674,23,7,2026-02-09,Present
2675,23,7,2026-02-08,Excused
2676,23,7,2026-02-07,Excused
2677,23,7,2026-02-06,Present
2678,23,7,2026-02-05,Present
2679,23,7,2026-02-04,Present
2680,23,7,2026-02-03,Present
2681,23,7,2026-02-02,Present
2682,23,7,2026-02-01,Present
2683,23,7,2026-01-31,Present
2684,23,7,2026-01-30,Present
2685,23,7,2026-01-29,Present
2686,23,7,2026-01-28,Absent
2687,23,7,2026-01-27,Present
2688,23,7,2026-01-26,Present
2689,23,7,2026-01-25,Late
2690,23,7,2026-01-24,Present
2691,23,7,2026-01-23,Present
2692,23,7,2026-01-22,Present
2693,23,7,2026-01-21,Present
2694,23,7,2026-01-20,Present
2695,23,7,2026-01-19,Present
2696,23,7,2026-01-18,Present
2697,23,7,2026-01-17,Late
2698,23,7,2026-01-16,Present
2699,23,7,2026-01-15,Present
2700,23,7,2026-01-14,Present
2701,23,10,2026-02-12,Present
2702,23,10,2026-02-11,Present
2703,23,10,2026-02-10,Absent
2704,23,10,2026-02-09,Present
2705,23,10,2026-02-08,Present
2706,23,10,2026-02-07,Late
2707,23,10,2026-02-06,Absent
2708,23,10,2026-02-05,Present
2709,23,10,2026-02-04,Present
2710,23,10,2026-02-03,Present
2711,23,10,2026-02-02,Present
2712,23,10,2026-02-01,Present
2713,23,10,2026-01-31,Excused
2714,23,10,2026-01-30,Present
2715,23,10,2026-01-29,Present
2716,23,10,2026-01-28,Present
2717,23,10,2026-01-27,Present
2718,23,10,2026-01-26,Present
2719,23,10,2026-01-25,Present
2720,23,10,2026-01-24,Present
2721,23,10,2026-01-23,Present
2722,23,10,2026-01-22,Present
2723,23,10,2026-01-21,Present
2724,23,10,2026-01-20,Present
2725,23,10,2026-01-19,Present
2726,23,10,2026-01-18,Present
2727,23,10,2026-01-17,Present
2728,23,10,2026-01-16,Present
2729,23,10,2026-01-15,Absent
2730,23,10,2026-01-14,Present
2731,23,1,2026-02-12,Present
2732,23,1,2026-02-11,Present
2733,23,1,2026-02-10,Present
2734,23,1,2026-02-09,Present
2735,23,1,2026-02-08,Present
2736,23,1,2026-02-07,Present
2737,23,1,2026-02-06,Present
2738,23,1,2026-02-05,Present
2739,23,1,2026-02-04,Present
2740,23,1,2026-02-03,Present
2741,23,1,2026-02-02,Present
2742,23,1,2026-02-01,Present
2743,23,1,2026-01-31,Present
2744,23,1,2026-01-30,Present
2745,23,1,2026-01-29,Present
2746,23,1,2026-01-28,Present
2747,23,1,2026-01-27,Present
2748,23,1,2026-01-26,Present
2749,23,1,2026-01-25,Present
2750,23,1,2026-01-24,Present
2751,23,1,2026-01-23,Absent
2752,23,1,2026-01-22,Excused
2753,23,1,2026-01-21,Late
2754,23,1,2026-01-20,Excused
2755,23,1,2026-01-19,Present
2756,23,1,2026-01-18,Present
2757,23,1,2026-01-17,Present
2758,23,1,2026-01-16,Absent
2759,23,1,2026-01-15,Present
2760,23,1,2026-01-14,Present
2761,24,4,2026-02-12,Present
2762,24,4,2026-02-11,Excused
2763,24,4,2026-02-10,Present
2764,24,4,2026-02-09,Present
2765,24,4,2026-02-08,Present
2766,24,4,2026-02-07,Present
2767,24,4,2026-02-06,Present
2768,24,4,2026-02-05,Late
2769,24,4,2026-02-04,Present
2770,24,4,2026-02-03,Present
2771,24,4,2026-02-02,Present
2772,24,4,2026-02-01,Present
2773,24,4,2026-01-31,Late
2774,24,4,2026-01-30,Present
2775,24,4,2026-01-29,Excused
2776,24,4,2026-01-28,Present
2777,24,4,2026-01-27,Present
2778,24,4,2026-01-26,Late
2779,24,4,2026-01-25,Present
2780,24,4,2026-01-24,Present
2781,24,4,2026-01-23,Present
2782,24,4,2026-01-22,Present
2783,24,4,2026-01-21,Present
2784,24,4,2026-01-20,Present
2785,24,4,2026-01-19,Present
2786,24,4,2026-01-18,Present
2787,24,4,2026-01-17,Excused
2788,24,4,2026-01-16,Late
2789,24,4,2026-01-15,Present
2790,24,4,2026-01-14,Present
2791,24,9,2026-02-12,Present
2792,24,9,2026-02-11,Present
2793,24,9,2026-02-10,Present
2794,24,9,2026-02-09,Present
2795,24,9,2026-02-08,Late
2796,24,9,2026-02-07,Present
2797,24,9,2026-02-06,Present
2798,24,9,2026-02-05,Present
2799,24,9,2026-02-04,Present
2800,24,9,2026-02-03,Present
2801,24,9,2026-02-02,Late
2802,24,9,2026-02-01,Present
2803,24,9,2026-01-31,Present
2804,24,9,2026-01-30,Present
2805,24,9,2026-01-29,Present
2806,24,9,2026-01-28,Late
2807,24,9,2026-01-27,Present
2808,24,9,2026-01-26,Present
2809,24,9,2026-01-25,Late
2810,24,9,2026-01-24,Present
2811,24,9,2026-01-23,Present
2812,24,9,2026-01-22,Present
2813,24,9,2026-01-21,Present
2814,24,9,2026-01-20,Present
2815,24,9,2026-01-19,Present
2816,24,9,2026-01-18,Present
2817,24,9,2026-01-17,Present
2818,24,9,2026-01-16,Absent
2819,24,9,2026-01-15,Absent
2820,24,9,2026-01-14,Present
2821,24,5,2026-02-12,Present
2822,24,5,2026-02-11,Present
2823,24,5,2026-02-10,Present
2824,24,5,2026-02-09,Present
2825,24,5,2026-02-08,Present
2826,24,5,2026-02-07,Present
2827,24,5,2026-02-06,Present
2828,24,5,2026-02-05,Present
2829,24,5,2026-02-04,Absent
2830,24,5,2026-02-03,Present
2831,24,5,2026-02-02,Present
2832,24,5,2026-02-01,Present
2833,24,5,2026-01-31,Present
2834,24,5,2026-01-30,Present
2835,24,5,2026-01-29,Present
2836,24,5,2026-01-28,Present
2837,24,5,2026-01-27,Present
2838,24,5,2026-01-26,Present
2839,24,5,2026-01-25,Present
2840,24,5,2026-01-24,Present
2841,24,5,2026-01-23,Present
2842,24,5,2026-01-22,Present
2843,24,5,2026-01-21,Present
2844,24,5,2026-01-20,Present
2845,24,5,2026-01-19,Present
2846,24,5,2026-01-18,Present
2847,24,5,2026-01-17,Present
2848,24,5,2026-01-16,Present
2849,24,5,2026-01-15,Present
2850,24,5,2026-01-14,Present
2851,25,2,2026-02-12,Present
2852,25,2,2026-02-11,Present
2853,25,2,2026-02-10,Present
2854,25,2,2026-02-09,Present
2855,25,2,2026-02-08,Present
2856,25,2,2026-02-07,Present
2857,25,2,2026-02-06,Late
2858,25,2,2026-02-05,Present
2859,25,2,2026-02-04,Present
2860,25,2,2026-02-03,Present
2861,25,2,2026-02-02,Present
2862,25,2,2026-02-01,Present
2863,25,2,2026-01-31,Present
2864,25,2,2026-01-30,Present
2865,25,2,2026-01-29,Present
2866,25,2,2026-01-28,Present
2867,25,2,2026-01-27,Present
2868,25,2,2026-01-26,Present
2869,25,2,2026-01-25,Present
2870,25,2,2026-01-24,Present
2871,25,2,2026-01-23,Present
2872,25,2,2026-01-22,Present
2873,25,2,2026-01-21,Present
2874,25,2,2026-01-20,Absent
2875,25,2,2026-01-19,Present
2876,25,2,2026-01-18,Present
2877,25,2,2026-01-17,Present
2878,25,2,2026-01-16,Present
2879,25,2,2026-01-15,Present
2880,25,2,2026-01-14,Present
2881,25,7,2026-02-12,Present
2882,25,7,2026-02-11,Excused
2883,25,7,2026-02-10,Present
2884,25,7,2026-02-09,Excused
2885,25,7,2026-02-08,Late
2886,25,7,2026-02-07,Present
2887,25,7,2026-02-06,Present
2888,25,7,2026-02-05,Present
2889,25,7,2026-02-04,Present
2890,25,7,2026-02-03,Present
2891,25,7,2026-02-02,Late
2892,25,7,2026-02-01,Present
2893,25,7,2026-01-31,Present
2894,25,7,2026-01-30,Present
2895,25,7,2026-01-29,Present
2896,25,7,2026-01-28,Present
2897,25,7,2026-01-27,Present
2898,25,7,2026-01-26,Present
2899,25,7,2026-01-25,Present
2900,25,7,2026-01-24,Present
2901,25,7,2026-01-23,Present
2902,25,7,2026-01-22,Present
2903,25,7,2026-01-21,Present
2904,25,7,2026-01-20,Present
2905,25,7,2026-01-19,Present
2906,25,7,2026-01-18,Absent
2907,25,7,2026-01-17,Late
2908,25,7,2026-01-16,Present
2909,25,7,2026-01-15,Present
2910,25,7,2026-01-14,Present
2911,25,9,2026-02-12,Excused
2912,25,9,2026-02-11,Present
2913,25,9,2026-02-10,Present
2914,25,9,2026-02-09,Present
2915,25,9,2026-02-08,Late
2916,25,9,2026-02-07,Present
2917,25,9,2026-02-06,Present
2918,25,9,2026-02-05,Present
2919,25,9,2026-02-04,Present
2920,25,9,2026-02-03,Present
2921,25,9,2026-02-02,Present
2922,25,9,2026-02-01,Present
2923,25,9,2026-01-31,Present
2924,25,9,2026-01-30,Present
2925,25,9,2026-01-29,Present
2926,25,9,2026-01-28,Present
2927,25,9,2026-01-27,Present
2928,25,9,2026-01-26,Present
2929,25,9,2026-01-25,Present
2930,25,9,2026-01-24,Present
2931,25,9,2026-01-23,Present
2932,25,9,2026-01-22,Present
2933,25,9,2026-01-21,Present
2934,25,9,2026-01-20,Absent
2935,25,9,2026-01-19,Present
2936,25,9,2026-01-18,Late
2937,25,9,2026-01-17,Present
2938,25,9,2026-01-16,Absent
2939,25,9,2026-01-15,Present
2940,25,9,2026-01-14,Present
2941,25,8,2026-02-12,Present
2942,25,8,2026-02-11,Present
2943,25,8,2026-02-10,Present
2944,25,8,2026-02-09,Present
2945,25,8,2026-02-08,Present
2946,25,8,2026-02-07,Present
2947,25,8,2026-02-06,Present
2948,25,8,2026-02-05,Present
2949,25,8,2026-02-04,Excused
2950,25,8,2026-02-03,Present
2951,25,8,2026-02-02,Present
2952,25,8,2026-02-01,Present
2953,25,8,2026-01-31,Present
2954,25,8,2026-01-30,Present
2955,25,8,2026-01-29,Present
2956,25,8,2026-01-28,Late
2957,25,8,2026-01-27,Present
2958,25,8,2026-01-26,Present
2959,25,8,2026-01-25,Present
2960,25,8,2026-01-24,Late
2961,25,8,2026-01-23,Absent
2962,25,8,2026-01-22,Present
2963,25,8,2026-01-21,Excused
2964,25,8,2026-01-20,Late
2965,25,8,2026-01-19,Late
2966,25,8,2026-01-18,Excused
2967,25,8,2026-01-17,Present
2968,25,8,2026-01-16,Present
2969,25,8,2026-01-15,Excused
2970,25,8,2026-01-14,Present
